-94.417077,39.092185,323.0639448
-94.417187,39.092184,323.1201523
-94.417811,39.092197,320.7608
-94.418348,39.092212,317.0368
-94.418486,39.092216,317.0224
-94.418596,39.092219,317.0116
-94.418738,39.092223,317
-94.418961,39.092229,317
-94.419374,39.092238,316.2536
-94.419786,39.09225,315.1
-94.419879,39.092252,315.1072
-94.420004,39.092255,315.1324
-94.420919,39.092275,316.6916
-94.420968,39.092277,316.5152
-94.421088,39.092279,316.0832
-94.421105,39.09228,316.022
-94.421217,39.092282,316.2991658
-94.421296,39.092284,316.5175706
-94.421388,39.092286,316.7679347
-94.423673,39.092344,315.781049
-94.424199,39.092357,314.9104773
-94.424428,39.092363,314.5495974
-94.424921,39.092375,313.87798
-94.425077,39.092367,313.1960766
-94.425398,39.092321,311.537489
-94.426613,39.091925,313.096152
-94.427307,39.091699,314.1888
-94.42799,39.091444,314.3499776
-94.428586,39.091169,313.4419213
-94.42873,39.091094,312.144
-94.428766,39.091075,311.8848
-94.429232,39.090824,310.0336
-94.429479,39.090691,310.5730574
-94.429674,39.090586,310.9809734
-94.42988,39.090449,310.432
-94.430038,39.090314,309.8632
-94.430097,39.090257,309.6021202
-94.430435,39.089874,307.3299376
-94.430685,39.089565,304.061268
-94.430795,39.08943,303.664824
-94.431022,39.089139,303.6152966
-94.431191,39.0889,304.299104
-94.431332,39.088643,303.728711
-94.431376,39.08857,303.3220672
-94.431428,39.088476,301.9820851
-94.431563,39.088208,298.8147878
-94.431592,39.088162,298.3153958
-94.431788,39.087852,297.116713
-94.431827,39.087747,297.1747538
-94.431868,39.087628,297.9300122
-94.431973,39.087308,299.1028
-94.432002,39.087182,299.2372026
-94.432044,39.086878,299.4776
-94.432049,39.086597,298.5964011
-94.432109,39.085465,295.7342448
-94.432137,39.08483,294.0812
-94.432153,39.084457,293.0339362
-94.432155,39.08441,292.721992
-94.432157,39.084367,292.3769378
-94.432206,39.08325,287.00072
-94.432215,39.082994,284.3092
-94.43222,39.082873,283.0204
-94.432225,39.082716,281.5652
-94.43223,39.082583,280.6256
-94.432208,39.082379,279.9488
-94.432241,39.08165,280.824056
-94.432248,39.081354,278.0928
-94.432257,39.081026,278.0868387
-94.432259,39.080946,278.0537014
-94.432261,39.080863,278.0149093
-94.432298,39.080712,277.682359
-94.432304,39.080687,277.6282899
-94.432381,39.079797,276.1538747
-94.432386,39.079544,275.3584
-94.432385,39.079409,275
-94.432401,39.078852,277.664
-94.432375,39.078742,279.644
-94.432392,39.078238,284.0307277
-94.432398,39.078067,284.8462573
-94.432421,39.077402,287.4531363
-94.432451,39.076689,293.0014174
-94.432487,39.075834,295.0469123
-94.432522,39.074982,292.856
-94.432562,39.073866,295.0640083
-94.432581,39.0733,296.913408
-94.432593,39.072979,298.3304
-94.432602,39.072751,298.1692
-94.432607,39.072609,297.622
-94.432614,39.072421,297.2959178
-94.432616,39.072364,297.369257
-94.432618,39.072331,297.4088483
-94.432638,39.071792,298
-94.432644,39.071641,297.9076
-94.432736,39.069343,288.0954739
-94.432776,39.068498,285.5901939
-94.432828,39.067407,280.7257318
-94.43285,39.066925,280.0518
-94.432864,39.066626,280.7350426
-94.432884,39.066197,281
-94.432901,39.065839,279.5858494
-94.432904,39.065783,279.3644
-94.432929,39.065257,279.0340789
-94.43295,39.064763,280.557416
-94.432985,39.064007,280.6160008
-94.432996,39.063761,280.3300902
-94.43301,39.063453,280.164
-94.433038,39.06277,282.0297696
-94.43309,39.061601,279.876
-94.433125,39.060513,280
-94.433157,39.059758,282.3772
-94.43323,39.058009,294.2299472
-94.433275,39.057021,296.42
-94.433322,39.05606,300.0891072
-94.433374,39.055005,302.1437648
-94.433397,39.05454,307.3592448
-94.433419,39.054086,310.3832
-94.433442,39.053614,310.2176
-94.433466,39.053125,311.6754
-94.433531,39.051313,314
-94.433547,39.050879,314.8356
-94.433549,39.050819,314.9599378
-94.434879,39.050855,311
-94.43535,39.050867,311.291512
-94.436486,39.050898,313.5690131
-94.436587,39.050902,313.110497
-94.436954,39.050915,311.6513728
-94.437209,39.050924,310.0994733
-94.437555,39.050936,306.5683808
-94.438959,39.050986,310.391119
-94.441059,39.05108,319.3149888
-94.441275,39.05109,319.18316
-94.442196,39.051131,319.0228
-94.441848,39.049778,322.0766822
-94.441736,39.049342,321.9207475
-94.441694,39.049165,320.7803808
-94.441603,39.048933,317.7916061
-94.441502,39.048766,317.5928
-94.441405,39.048644,317.942
-94.441235,39.048483,319.7748952
-94.441061,39.048364,321.07
-94.440458,39.047999,321.5928
-94.440253,39.04789,320.7188
-94.440198,39.047852,320.2472
-94.440022,39.047732,318.9013478
-94.439824,39.04754,317.6016384
-94.439679,39.047338,317.4924541
-94.439506,39.047042,317.5828518
-94.439488,39.04701,317.6812096
-94.439341,39.046684,318.3259245
-94.439296,39.04655,318.309952
-94.439212,39.046305,317.3467136
-94.43918,39.046207,316.6589696
-94.439112,39.045918,315.4416154
-94.438967,39.045277,318.0040253
-94.438935,39.045125,318.9174
-94.43888,39.044864,319.9993344
-94.438848,39.044743,320.1251789
-94.438798,39.044555,323.3482768
-94.438765,39.044432,325.5257152
-94.438727,39.044293,329.4703446
-94.438683,39.044155,332.1435304
-94.438653,39.044061,331.9098357
-94.438637,39.044024,331.7249325
-94.438512,39.043738,327.918455
-94.438409,39.043559,325.5448
-94.438272,39.043369,324.5300493
-94.438204,39.043289,324.0688
-94.438154,39.04323,323.7088
-94.438096,39.043162,323.2912
-94.438029,39.043091,322.9878014
-94.437817,39.042869,323.7664299
-94.437605,39.042646,323.8524
-94.437187,39.042206,325.0074051
-94.437086,39.042035,325.3305296
-94.437052,39.041949,325.6027501
-94.437011,39.041845,325.5739536
-94.43697,39.041649,324.9648
-94.436965,39.041511,323.9532
-94.436964,39.041475,323.6904
-94.437045,39.040102,324.6328
-94.437054,39.039875,325.09504
-94.437096,39.038797,320.8195155
-94.437123,39.038117,323.1929874
-94.43715,39.037754,325.497744
-94.437193,39.037617,325.1495102
-94.437261,39.037486,324.62
-94.437405,39.037305,322.28
-94.437559,39.037176,320.4901434
-94.437652,39.037117,319.9024794
-94.437665,39.037109,319.8329144
-94.437782,39.037052,319.3813146
-94.437981,39.036956,319.0111654
-94.438264,39.036766,318.3576
-94.438312,39.03672,318.192
-94.438391,39.036644,318.0646598
-94.438475,39.036521,318.256956
-94.438548,39.036438,318.187031
-94.438678,39.036221,318.8452
-94.438698,39.036176,319.0792
-94.438777,39.035994,319.7670205
-94.438862,39.035657,319.4266486
-94.438915,39.03472,320.922752
-94.438954,39.033725,320.7656
-94.439012,39.032364,321
-94.439057,39.031574,320.7981053
-94.43911,39.030639,317.5044
-94.439133,39.030433,316.68
-94.439147,39.030381,316.4424
-94.439179,39.03026,316
-94.439195,39.0302,316
-94.439294,39.029935,316
-94.439431,39.029631,315.6874946
-94.439649,39.029305,315.1323272
-94.439928,39.029023,315.1595418
-94.439987,39.028966,315.4577917
-94.440702,39.028265,319
-94.440898,39.028074,319
-94.440984,39.027989,318.870041
-94.441282,39.027624,316.2776
-94.44146,39.027339,314.744
-94.441629,39.027015,312.7447576
-94.441643,39.026988,312.4706406
-94.441752,39.026659,311.6652
-94.44183,39.026459,310.6644
-94.441887,39.026299,309.8162795
-94.441953,39.026112,308.9416986
-94.442053,39.025902,308.5125942
-94.442147,39.025734,309.2467619
-94.442303,39.025553,310.7092
-94.442487,39.025399,310.0468
-94.442672,39.025282,309.3808
-94.442855,39.025179,308.2888
-94.443053,39.025095,307.684
-94.443231,39.025038,307.8187971
-94.444013,39.024863,308.06
-94.44557,39.024518,312.2128
-94.445937,39.024394,310.8184
-94.446182,39.024272,310.4408563
-94.446315,39.024183,310.7064816
-94.446444,39.024084,311.1180877
-94.446573,39.023968,311.9480691
-94.446747,39.023767,312.837701
-94.446916,39.023519,313.2636883
-94.447022,39.023318,313.9602118
-94.447231,39.022924,313.5264
-94.447384,39.022727,312.8172
-94.447546,39.02257,312.252
-94.447815,39.022375,311.1603
-94.448115,39.022197,310.9286312
-94.448413,39.022069,310.8418011
-94.448844,39.021946,309.1672
-94.45001,39.02162,308.676096
-94.451194,39.021272,311.1255667
-94.451748,39.021124,311.6184141
-94.452049,39.021021,312.7276
-94.452189,39.02096,312.7924
-94.452402,39.020837,312.017857
-94.452598,39.020714,310.9395629
-94.452834,39.020496,309.7976
-94.453145,39.020159,309.4276
-94.453545,39.01963,312.584984
-94.453767,39.019332,315.0367738
-94.453888,39.019169,316.9716269
-94.454102,39.018934,315.4656
-94.454249,39.018806,314.1992458
-94.454444,39.018666,312.8059162
-94.45462,39.018562,313.1768
-94.454842,39.018456,313.3176179
-94.455044,39.018379,313
-94.456103,39.01815,315.330072
-94.456583,39.018004,313.8740973
-94.456621,39.017989,313.6458098
-94.456835,39.017885,312.538084
-94.457022,39.017794,312.3049894
-94.457209,39.017662,312.9524
-94.457349,39.017564,313.8076454
-94.45737,39.017549,313.9701552
-94.458324,39.016666,312.0335194
-94.458436,39.016549,311.6304
-94.459132,39.015922,311.7902362
-94.459185,39.015874,312
-94.45939,39.01569,312.414864
-94.459635,39.015456,312.8874624
-94.459794,39.015305,313.2330768
-94.459934,39.015131,314.1652522
-94.460106,39.014915,315
-94.460177,39.014799,315
-94.460253,39.014678,314.8408
-94.460491,39.014291,314.4240222
-94.460606,39.014105,315.4440848
-94.460851,39.013681,317.3696
-94.460871,39.013646,317.4776
-94.461114,39.013226,317.3823814
-94.461224,39.013002,317.8647539
-94.461258,39.012931,318.1567139
-94.461335,39.012724,319.1936
-94.461361,39.012627,319.5428
-94.461382,39.012548,319.8272
-94.461391,39.01248,319.8489472
-94.461407,39.012396,319.2104109
-94.461427,39.012299,318.5148779
-94.461444,39.012237,318.0958451
-94.461468,39.011955,317.3119776
-94.461486,39.011735,316.5956
-94.461488,39.011716,316.5344
-94.46152,39.011458,316.472
-94.461567,39.011097,316.981773
-94.461585,39.010955,316.834772
-94.46164,39.010505,315.904
-94.461684,39.010068,317.5880755
-94.461742,39.009486,313.6426285
-94.461774,39.009165,309.9916816
-94.461816,39.008749,308.7331354
-94.462615,39.008763,311.2263752
-94.462959,39.008769,311.1975758
-94.46319,39.008752,311.2454848
-94.463434,39.008701,311.0784726
-94.463758,39.008618,310.0496
-94.463995,39.008576,310.3337152
-94.464145,39.00855,310.71916
-94.464435,39.008545,311.728
-94.464632,39.00855,312.306656
-94.465025,39.008557,312.3256
-94.465117,39.00856,312.0268
-94.465677,39.008579,309.9954806
-94.46604,39.008596,309
-94.466156,39.008598,309.1539725
-94.466305,39.0086,309.67008
-94.466523,39.008603,310.4536
-94.466763,39.008607,311.332
-94.467541,39.008619,311.9674082
-94.468077,39.008629,313.0256
-94.46816,39.008629,313.6232
-94.468583,39.008636,316.6989325
-94.468869,39.008641,318.6493042
-94.468908,39.008641,318.8536
-94.469173,39.008645,319.756
-94.469239,39.008646,319.7488
-94.469279,39.008647,319.7416
-94.469335,39.008648,319.7344
-94.469528,39.00865,319.978688
-94.469634,39.008652,320.2875507
-94.469898,39.008656,321.148
-94.470197,39.008661,322.1704
-94.470761,39.008665,320.8724
-94.470829,39.008668,320.606
-94.471797,39.008717,317
-94.472241,39.00874,315.8648
-94.472734,39.008763,313.5393757
-94.472904,39.008773,312.3188243
-94.473625,39.008814,311.79388
-94.474016,39.008836,312.7166541
-94.474936,39.008889,314.7695078
-94.474958,39.00889,314.8481952
-94.475582,39.00895,316.514256
-94.477924,39.009324,320.5792
-94.478322,39.009385,322
-94.479174,39.009498,323.0213101
-94.479492,39.00953,323.8104704
-94.480161,39.009563,322.5668
-94.480544,39.009582,323.433399
-94.481253,39.009608,325.6089229
-94.481922,39.009632,317.0294246
-94.481937,39.009123,315.206587
-94.481941,39.008959,315.7631298
-94.481944,39.008869,315.9301146
-94.482005,39.007748,314.6244608
-94.482041,39.00707,309.8512848
-94.482081,39.006302,309.9634275
-94.482143,39.005106,315.6184
-94.48218,39.004405,319.205168
-94.482188,39.004238,318.6863245
-94.482189,39.004221,318.6272125
-94.482199,39.00401,318.8984
-94.482214,39.003682,320.5859539
-94.482218,39.003596,320.8824
-94.482229,39.003355,318.1832968
-94.482246,39.002982,316.5866669
-94.482248,39.002946,316.4566003
-94.482272,39.002424,314.3189709
-94.482304,39.001854,313.9494566
-94.482322,39.001445,314.8498416
-94.482326,39.001327,314.3772762
-94.482347,39.000862,311.654
-94.482377,39.000333,313.4916286
-94.482385,39.000176,314.7958208
-94.482393,38.999698,318.3503894
-94.482423,38.9993,320.386944
-94.482456,38.998856,322
-94.482471,38.998501,322
-94.482484,38.998219,321.6121082
-94.482488,38.998107,321.2203994
-94.482499,38.997758,321.146
-94.482501,38.997714,321.4583734
-94.482512,38.997408,322.9424922
-94.482536,38.996734,318.3384
-94.482547,38.996419,316.7516587
-94.482557,38.996134,316.7778915
-94.482527,38.995737,315.556
-94.482519,38.995637,315.2248
-94.482415,38.995146,314.2704672
-94.482108,38.994074,311.3328
-94.481835,38.993079,315.9288
-94.481815,38.992898,317.3066544
-94.481818,38.992681,318.1898083
-94.481843,38.9925,318.6348
-94.481899,38.992287,317.4282485
-94.48206,38.99191,313.343584
-94.482337,38.991246,319.2294499
-94.482524,38.990748,319.4121421
-94.482669,38.990251,318.6084
-94.482715,38.990061,318.774
-94.482818,38.989248,314.7759974
-94.482923,38.988428,313.8218298
-94.482966,38.987981,311.7856
-94.482977,38.987822,310.6012
-94.48303,38.987039,316.8436
-94.483047,38.986752,316.3474618
-94.483055,38.986606,316.0024368
-94.483064,38.98645,315.891776
-94.483113,38.985607,312.1253006
-94.483167,38.984554,318.8349667
-94.483173,38.984397,318.2356
-94.483195,38.983827,316.3386456
-94.483221,38.983659,317.5117186
-94.483262,38.983498,317.926969
-94.483323,38.983356,318.0041645
-94.483511,38.983021,317.4356338
-94.483528,38.982997,317.3422714
-94.483639,38.982836,316.5196
-94.483787,38.98266,316.2092
-94.483869,38.982587,316.2416
-94.484165,38.982322,315.9961552
-94.485021,38.981559,317.5368
-94.486005,38.980687,313.5268
-94.485949,38.980684,313.5376
-94.486005,38.980687,313.5268
-94.486496,38.980259,314.4531334
-94.487082,38.979748,309.0928
-94.488703,38.978335,308.0199848
-94.489399,38.977739,310
-94.489461,38.977686,310.0196918
-94.489504,38.977648,310.1001677
-94.49016,38.977086,310.7728704
-94.491469,38.975979,313.373163
-94.492945,38.974708,311.5508
-94.492985,38.974673,311.5688
-94.494039,38.973788,312.3441267
-94.49414,38.973702,312.2957888
-94.494511,38.973385,313.0090344
-94.494692,38.9732,314.423424
-94.494915,38.972942,314.8749072
-94.495153,38.972616,314.7383859
-94.49536,38.972247,315.296
-94.495538,38.971784,315.0266957
-94.495619,38.971444,313.9246854
-94.495726,38.970655,316.7803312
-94.495802,38.970251,314.9581478
-94.495907,38.96994,311.2616832
-94.495987,38.969783,310.7725598
-94.496059,38.96964,311.1521408
-94.496268,38.969349,313.6872
-94.496289,38.969319,313.9032
-94.496613,38.968992,315.6288
-94.496768,38.968882,315.669047
-94.497565,38.968316,317.9376
-94.497968,38.96803,317.6217984
-94.497986,38.968017,317.6455555
-94.498193,38.967875,317.35
-94.498326,38.967783,317.0188
-94.498413,38.967719,317.1358869
-94.498573,38.967602,317.7759798
-94.498794,38.96744,318.5846144
-94.498809,38.967429,318.6388894
-94.499058,38.967207,319.554
-94.499114,38.967157,319.5756
-94.499237,38.967047,319.5289186
-94.49928,38.966987,319.4986944
-94.499464,38.966731,319.2856954
-94.499607,38.96646,317.6618112
-94.499631,38.966413,317.2318949
-94.499746,38.966097,316.1364
-94.49976,38.966031,316.4244
-94.499787,38.965903,316.9824
-94.499819,38.965749,317.5462258
-94.499818,38.965739,317.5673059
-94.499798,38.965601,317.8810301
-94.499783,38.965496,318.2144
-94.499722,38.965283,318.981215
-94.499614,38.965043,318.1548
-94.499477,38.964838,316.8336
-94.499469,38.964825,316.74
-94.499446,38.964783,316.4376
-94.499416,38.964747,316.2716659
-94.499316,38.964629,316.3072186
-94.499278,38.964592,316.318295
-94.498992,38.964312,316.4768
-94.498975,38.964293,316.5452
-94.498947,38.96426,316.664
-94.498753,38.964036,317.9697606
-94.49872,38.963991,318.1038016
-94.49822,38.963317,315
-94.498109,38.963142,315
-94.498084,38.963102,315
-94.497993,38.962958,315.5764
-94.497984,38.962945,315.6556
-94.497944,38.962864,316.0912
-94.497856,38.962687,317.2799731
-94.497769,38.962471,319.0316
-94.497644,38.962023,318.4189965
-94.497598,38.961724,318.5136179
-94.497581,38.961448,317.9212
-94.497607,38.960471,318.6148
-94.497617,38.960113,317.7357442
-94.497667,38.959882,317.0529898
-94.49774,38.959667,317.7053632
-94.497757,38.959625,318.09862
-94.497858,38.959418,319.7112
-94.497982,38.959218,319.2648
-94.498259,38.958882,318.5781635
-94.498416,38.958737,318.9308723
-94.498662,38.958561,319.3277507
-94.498873,38.958442,319.6436234
-94.498894,38.95843,319.6584032
-94.499107,38.958334,319.9994845
-94.499142,38.958318,319.9546035
-94.499448,38.958214,318.5630989
-94.499722,38.958148,318.0002662
-94.500003,38.958106,317.8203613
-94.50018,38.958091,317.9550848
-94.50032,38.95808,318.013376
-94.501128,38.958013,319.0701146
-94.501524,38.957987,320.3668435
-94.501856,38.957951,319.3896
-94.50218,38.957897,317.5656768
-94.503031,38.957687,318.742
-94.503505,38.957488,317.3553024
-94.503528,38.957476,317.2386509
-94.503887,38.957286,315.2364
-94.50464,38.956751,309.6894656
-94.50479,38.956645,308.775032
-94.5052,38.956354,308.5312
-94.505231,38.956332,308.578
-94.505902,38.955869,313.6465405
-94.506021,38.955786,313.8296
-94.506052,38.955765,313.754
-94.506492,38.955461,312.5852435
-94.506715,38.955307,313.1556952
-94.506912,38.955147,313.9381894
-94.507018,38.955061,314.0581501
-94.507093,38.955,314
-94.50722,38.954861,313.4996
-94.507277,38.954798,313.47
-94.507353,38.954715,313.4448
-94.507439,38.954592,313.3116
-94.507545,38.954443,313.0008424
-94.507605,38.954357,313.1189944
-94.507655,38.954263,313.3644856
-94.507707,38.954165,313.7452
-94.507726,38.954111,313.8136
-94.507766,38.954,313.9576
-94.507779,38.953961,314.0021155
-94.507845,38.953775,313.832
-94.507869,38.953593,313.3284
-94.507883,38.953485,313.3788
-94.507907,38.953298,313.5924
-94.507915,38.953134,314.2116
-94.50792,38.953025,314.512
-94.507927,38.952874,314.5372
-94.50795,38.952393,312.468424
-94.507967,38.951955,313.2985144
-94.507973,38.951789,314.1315131
-94.507986,38.951466,313.485689
-94.507988,38.9514,313.070272
-94.508011,38.950857,312.8396
-94.508038,38.950134,312.9368
-94.50804,38.9501,312.944
-94.508081,38.949228,315.9421747
-94.508122,38.948334,318.2392
-94.508165,38.947427,320.2628
-94.508183,38.946998,321.4368566
-94.508198,38.946664,320.9793229
-94.508207,38.946471,321.2936389
-94.508242,38.9457,317.670752
-94.508253,38.945474,316.9956
-94.508267,38.945156,316.3434899
-94.508295,38.944613,316.5438616
-94.508307,38.944387,315.0579954
-94.50832,38.944115,314.273072
-94.508349,38.943526,316.267281
-94.508365,38.943202,316.5810992
-94.508377,38.942966,315.8854813
-94.5084,38.942503,315.242592
-94.508403,38.94244,315.4126272
-94.508409,38.942348,315.6705427
-94.508415,38.942247,315.9370248
-94.508495,38.940955,320.164
-94.508546,38.940131,315.1804
-94.508549,38.940073,314.5648
-94.508618,38.939804,312.6136
-94.508651,38.939531,312.1436
-94.5087,38.939268,312.523264
-94.508705,38.93913,312.631384
-94.508705,38.939049,312.5328232
-94.508716,38.93883,311.8735488
-94.50874,38.938382,309.2345856
-94.508719,38.938,310.8116
-94.508721,38.93776,311.6044
-94.508644,38.937495,311.8636
-94.508643,38.937484,311.8276
-94.508592,38.93711,310.6925952
-94.508558,38.936887,310.3824
-94.508511,38.936587,310.7208
-94.508494,38.936478,310.8432
-94.508442,38.93614,310.6721152
-94.508397,38.93585,309.106248
-94.508375,38.9357,308.52
-94.508325,38.935353,308.03
-94.508317,38.935297,308.0588
-94.508262,38.934916,307.4728563
-94.508237,38.934743,306.4704594
-94.508175,38.934313,306
-94.508163,38.93423,306
-94.50813,38.934,305.5608
-94.508095,38.933763,305.4664912
-94.508039,38.933373,306.9678891
-94.507966,38.932865,307.3224
-94.507837,38.931941,309.5612
-94.5078,38.931606,308.857472
-94.507784,38.931451,308.9725914
-94.507737,38.930535,309.926
-94.507726,38.929677,312.8439459
-94.507804,38.928563,316.6536
-94.507924,38.927535,316.4736
-94.508141,38.926396,314.0177254
-94.508334,38.92562,314.7704
-94.509094,38.92312,321.696
-94.509261,38.92259,320.2324608
-94.509275,38.922544,320.416752
-94.509309,38.922436,320.4876
-94.509664,38.921304,322.6129075
-94.509735,38.921077,321.9943512
-94.509786,38.920923,321.8445149
-94.509989,38.920306,320.0975766
-94.510228,38.919584,319.3575398
-94.510403,38.91908,317.1660992
-94.510461,38.918912,316.6542426
-94.510508,38.918778,316.673257
-94.510568,38.918646,316.8744
-94.510613,38.918548,317
-94.510721,38.918312,316.9542579
-94.510761,38.918242,316.7568195
-94.510844,38.918094,316.1714854
-94.510945,38.917903,316.5096432
-94.511221,38.917473,314.8440523
-94.511315,38.917366,314.3892816
-94.511433,38.917232,314.194
-94.511684,38.916932,315.9796045
-94.511986,38.916593,314.6248739
-94.512262,38.916312,314
-94.512604,38.916002,313.6256
-94.512868,38.915797,312.6752
-94.512926,38.915752,312.4664
-94.513098,38.915625,311.8472
-94.513213,38.91554,311.3529408
-94.513341,38.915446,310.578
-94.513827,38.915103,308.3708
-94.513977,38.914998,308.0072
-94.514015,38.914971,308.1044
-94.514607,38.914554,309.9592
-94.515113,38.914208,311.9624
-94.515988,38.913609,313.5568
-94.516854,38.913017,316.3256
-94.517618,38.912487,316.8297194
-94.518427,38.911925,316.5228
-94.519222,38.911374,311
-94.519968,38.910856,311
-94.521078,38.910094,311.7616
-94.521639,38.909709,313.762341
-94.522094,38.909397,312.8292
-94.522423,38.909175,312.731116
-94.522491,38.909125,312.97246
-94.52266,38.909001,313.2324736
-94.522724,38.908953,313.1861171
-94.522787,38.908907,313.0341646
-94.523141,38.908647,312.3076
-94.523479,38.908413,312.1364021
-94.524139,38.907979,315.8008
-94.524326,38.907852,316.5736
-94.524891,38.90746,317.4636
-94.524994,38.907389,317.5788
-94.525245,38.907215,319.649068
-94.525402,38.907106,320
-94.525456,38.907069,320
-94.525536,38.907014,320
-94.525652,38.906934,319.9248
-94.525837,38.906805,319.0026264
-94.525868,38.906784,318.9168845
-94.525964,38.906717,318.7475635
-94.526188,38.906562,318.2506982
-94.526486,38.906355,318.3758512
-94.526605,38.906273,318.6289816
-94.526709,38.906201,318.9026834
-94.526873,38.906087,319.2252
-94.527395,38.905726,319.2308592
-94.527886,38.905385,319.3896
-94.527991,38.905312,319.7676
-94.528089,38.905243,319.7694741
-94.528745,38.904785,319.708
-94.529338,38.904372,320.9000614
-94.529587,38.904198,321
-94.529753,38.904082,320.7289718
-94.529974,38.903944,320.9249702
-94.530033,38.903902,321.1188
-94.530585,38.903506,321.6617104
-94.530859,38.90331,321.8313616
-94.531021,38.903199,321.1675202
-94.531285,38.903018,322.3872
-94.531507,38.902865,323.686
-94.531813,38.902654,324.4456
-94.531964,38.902555,324.7316
-94.532028,38.902513,324.6524
-94.532142,38.902409,324.5217891
-94.532191,38.902364,324.546969
-94.532312,38.902224,324.351337
-94.532413,38.902076,323.1
-94.532494,38.90192,322.2172992
-94.532554,38.901759,323.3998186
-94.532561,38.901727,323.6132971
-94.53259,38.901602,324.1573728
-94.532593,38.90156,324.2554368
-94.532605,38.901389,324.6217512
-94.532619,38.901231,324.2467026
-94.53262,38.901219,324.2206112
-94.532623,38.901182,324.1421974
-94.532628,38.901126,324.0289011
-94.532646,38.900908,324
-94.532656,38.900797,324.1881427
-94.532672,38.900603,325.1449594
-94.532687,38.900428,326.2452
-94.5327,38.90026,327.32608
-94.532715,38.900077,327.7854472
-94.53272,38.900018,327.9486784
-94.532739,38.899794,327.2584
-94.532743,38.899747,327.0892
-94.532755,38.899711,326.9596
-94.532838,38.899459,326.0524
-94.533001,38.899191,326
-94.533117,38.899056,326
-94.533252,38.898936,326
-94.533473,38.898776,325.3892621
-94.533534,38.898734,325.0395898
-94.533626,38.898691,324.5597846
-94.533755,38.898631,324.1061112
-94.533861,38.898582,324
-94.534054,38.898521,324.1928234
-94.534232,38.898483,324.5879258
-94.534458,38.898448,325.0286554
-94.5347,38.898435,325.58328
-94.534966,38.898448,324.7096
-94.535134,38.898456,323.3805722
-94.535197,38.898459,322.8083579
-94.535279,38.898463,322.0576
-94.535723,38.898483,319.6443886
-94.536648,38.898526,316.7813901
-94.537467,38.898564,316.8102515
-94.537937,38.898586,318.9656
-94.538435,38.898609,322.3611816
-94.538808,38.898626,321.4216
-94.539134,38.898641,319.0073462
-94.539433,38.898654,318.0284774
-94.539674,38.898665,318
-94.539919,38.898676,317.8345178
-94.540059,38.898682,317.32
-94.540535,38.898707,314.4421104
-94.541203,38.898675,314.969432
-94.541448,38.898628,316
-94.541814,38.898558,316.0432
-94.541938,38.898522,315.9856
-94.542364,38.898398,314.6324211
-94.542633,38.898264,315.1080915
-94.542805,38.898179,316.1547512
-94.542908,38.89812,316.6447616
-94.543113,38.898001,316.7629845
-94.543255,38.897908,316.0873984
-94.544906,38.896826,313.5736
-94.545643,38.896347,310.836
-94.54615,38.896017,310.585032
-94.546481,38.895848,311.1784
-94.546833,38.895708,309.8858214
-94.547264,38.895581,308.0137766
-94.547712,38.895496,308.9268301
-94.548104,38.895457,311.9346458
-94.5485,38.895451,313.97416
-94.549044,38.895459,317.3048
-94.549466,38.89548,317.728
-94.55106,38.895559,317.1964
-94.552493,38.895619,313.7773557
-94.55321,38.895659,313.6510544
-94.557185,38.895848,305.0882752
-94.557641,38.895862,304.2336157
-94.557721,38.895866,303.8756374
-94.557764,38.895868,303.6813901
-94.559061,38.895929,298.2853902
-94.55913,38.895932,297.8619136
-94.559369,38.895943,296.1484
-94.561267,38.896032,289.3196595
-94.561711,38.896053,288.5509883
-94.562208,38.896077,286.4974874
-94.566862,38.896207,276.6776
-94.568039,38.896241,275.5272
-94.569857,38.896292,276.8172
-94.571517,38.896339,278.6408
-94.572034,38.89635,277.72
-94.57244,38.896322,276.7344
-94.572839,38.896257,273.1497541
-94.573272,38.896138,271.8491469
-94.573549,38.896029,270.6106077
-94.57388,38.895869,268.8113088
-94.57416,38.895725,266.852
-94.574223,38.895692,266.5088154
-94.574664,38.895378,263.8383526
-94.574984,38.895075,260.427248
-94.575946,38.893925,259.4056
-94.57618,38.893587,263.4216
-94.576369,38.893166,266.5739318
-94.57643,38.892891,267.8888
-94.576495,38.892611,268.6947056
-94.576517,38.892321,269.0500054
-94.576636,38.890714,273.6504
-94.576699,38.890456,274.242
-94.576807,38.890226,274.4006307
-94.57696,38.890013,272.9908
-94.57702,38.889947,272.3464
-94.577061,38.889925,272.0404
-94.577085,38.889883,271.6516
-94.577251,38.889744,270.0532
-94.577411,38.889639,269.5240082
-94.577583,38.889547,269.442317
-94.577894,38.889427,268.9737245
-94.578126,38.889369,269.0978445
-94.578331,38.889337,269.8292982
-94.578366,38.889315,269.6568016
-94.578434,38.889327,269.8848227
-94.578608,38.889321,270.1062227
-94.578893,38.889336,267.9819558
-94.580222,38.889387,261.3540746
-94.581008,38.889425,260.974016
-94.581369,38.889437,260.0964811
-94.582107,38.889458,257.0488
-94.582826,38.889487,256.3268
-94.584135,38.889583,262.886
-94.58569,38.889654,263.6028704
-94.586035,38.88967,265.503512
-94.586275,38.889683,266.083308
-94.586609,38.889703,266.0143659
-94.58887,38.889833,268.9048816
-94.589456,38.889867,270
-94.589905,38.889899,271.316
-94.590542,38.889945,275.7435376
-94.592213,38.890064,274.4608
-94.592571,38.89009,274.324
-94.593816,38.890165,271.6882688
-94.595086,38.890242,273.5273235
-94.59522,38.89025,273.9128
-94.595367,38.890256,274.4499642
-94.59761,38.890375,285.4386
-94.599829,38.890491,290.2246654
-94.60246,38.89063,301
-94.604028,38.890723,302.1982822
-94.606573,38.890856,301.5271155
-94.606672,38.890862,301.7936
-94.607254,38.890892,300.4873613
-94.60745,38.890902,299.888304
-94.607835,38.890922,299.3192
-94.60791,38.890926,299.3336
-94.608038,38.890933,299.3588
-94.608043,38.888606,307.9364
-94.608043,38.888521,307.6304
-94.608053,38.886586,303
-94.608085,38.884314,297.0543552
-94.608089,38.883961,296.0312558
-94.60809,38.883913,296.0107632
-94.608089,38.88373,296.5031312
-94.608092,38.88358,296.8834944
-94.608101,38.883468,296.9206867
-94.608116,38.883387,296.9579597
-94.608123,38.883346,296.9889283
-94.608153,38.883211,296.7140923
-94.608197,38.883089,296.5682923
-94.608237,38.882991,296.5726037
-94.608292,38.882876,296.7550157
-94.608369,38.882738,296.5887869
-94.608443,38.88263,295.6140336
-94.608493,38.882564,295.1335661
-94.608541,38.8825,294.7476
-94.608619,38.882413,294.3452
-94.608698,38.88234,293.5352
-94.608835,38.882224,292.2068
-94.609122,38.88202,289.7048
-94.609136,38.882009,289.5752
-94.60918,38.881976,289.1792
-94.609262,38.881916,288.452
-94.610929,38.880753,278.7552005
-94.611082,38.880627,278.7697546
-94.611164,38.880559,279.178
-94.611223,38.880503,279.8574098
-94.611307,38.880421,281.0155989
-94.611379,38.88034,282.2647744
-94.611449,38.880262,283.2286915
-94.611532,38.880163,283.7280806
-94.611607,38.880056,284.4121037
-94.611669,38.87996,285.0096096
-94.611729,38.879855,285.3415368
-94.611787,38.879745,285.8308776
-94.611839,38.879631,286.0370606
-94.611877,38.879524,285.9740621
-94.611909,38.879425,285.7324
-94.611946,38.879293,284.9208
-94.611973,38.87915,284.199432
-94.611987,38.879015,284.2227528
-94.611995,38.878826,284.4084
-94.611993,38.878695,284.8728
-94.611927,38.878523,285.3172
-94.611926,38.878389,285.7996
-94.611925,38.878277,286.391404
-94.611936,38.877098,291.4168
-94.611935,38.877008,291.7372
-94.611923,38.875754,298.6812966
-94.611922,38.875659,298.3930202
-94.611905,38.875087,299.5448
-94.611879,38.874214,297.1052
-94.611877,38.874117,296.5349874
-94.611882,38.873655,295.3611184
-94.611889,38.872883,293.9796
-94.6119,38.871754,290.104096
-94.611907,38.87164,289.4682592
-94.611961,38.869287,269.8068
-94.611963,38.869197,269.1516
-94.61192091,38.86922227,269.50206
-94.61192124,38.86895248,268.3124349
-94.61192158,38.86868268,269.4448131
-94.61192192,38.86841288,269.9189142
-94.61192226,38.86814309,269.2352483
-94.6119226,38.86787329,269.5775008
-94.61192294,38.8676035,270.5014035
-94.61192327,38.8673337,270.9388291
-94.61192361,38.8670639,271.5699464
-94.61192395,38.86679411,273.0824239
-94.61192429,38.86652431,274.4381095
-94.61192463,38.86625452,274.3735791
-94.61192497,38.86598472,272.9816471
-94.6119253,38.86571492,271.4754523
-94.61192564,38.86544513,270.4939994
-94.61192598,38.86517533,269.9335342
-94.61192632,38.86490554,269.5946819
-94.61192666,38.86463574,268.3132984
-94.611927,38.86436594,266.3719856
-94.61192734,38.86409615,264.6845401
-94.61192767,38.86382635,263.9532178
-94.61192801,38.86355656,264.1963983
-94.61192835,38.86328676,265.1579497
-94.61192869,38.86301696,265.9511603
-94.61192903,38.86274717,266
-94.61192937,38.86247737,265.9229615
-94.6119297,38.86220758,265.0003393
-94.61193004,38.86193778,264.0745946
-94.61193038,38.86166798,264.9954971
-94.61193072,38.86139819,265.0477566
-94.61193106,38.86112839,265.0481925
-94.6119314,38.8608586,265.956028
-94.61193173,38.8605888,266.0054762
-94.61193207,38.860319,265.1484153
-94.61193241,38.86004921,265
-94.61193243,38.86003443,265
-94.611938,38.860034,265
-94.611937,38.859958,265.1512
-94.611936,38.859823,265.6372
-94.611935,38.859472,265.0992
-94.611912,38.859441,265
-94.611915,38.859101,265.2113416
-94.611915,38.859072,265.3046752
-94.611915,38.858983,265.5911128
-94.611918,38.858869,265.9048
-94.611905,38.857664,265.5904
-94.611908,38.85628,266.0514304
-94.61191,38.854849,270.9434064
-94.61191,38.852617,266.7901712
-94.61191,38.851979,265
-94.611932,38.848556,270.0448
-94.611923,38.847413,271.443421
-94.611921,38.845929,268.4288
-94.611917,38.845481,268.0988
-94.611982,38.845118,267.2896
-94.612094,38.844871,266.675967
-94.612244,38.844662,266.3552
-94.612448,38.844437,267.272617
-94.612647,38.844236,268.722
-94.612797,38.844048,269.3183622
-94.612974,38.843756,270.2504
-94.613065,38.843568,271.0479232
-94.613451,38.842707,268.9172
-94.613513,38.842572,269.9288
-94.613835,38.84189,267.778
-94.613942,38.841721,267.6132
-94.61412,38.84152,268.135296
-94.614282,38.841373,268.284
-94.614454,38.841246,268.0288
-94.614642,38.841119,268.9432
-94.614841,38.84101,269.2083536
-94.615214,38.840843,268.2296
-94.615961,38.840518,266.8108
-94.616152,38.840432,267.0530509
-94.616337,38.840362,267.8867245
-94.616519,38.840313,268.0593931
-94.616727,38.840277,268.0021918
-94.617035,38.840248,267.674
-94.622434,38.840231,269
-94.623159,38.840229,270.8244
-94.62328,38.840229,270.8244
-94.624951,38.840213,276.2332
-94.625363,38.840211,277
-94.627077,38.840207,278.7892189
-94.628852,38.840202,286.3216
-94.629239,38.840256,289.3060154
-94.629454,38.840262,290.9208
-94.629636,38.840259,291.5544
-94.629813,38.840234,291.6848
-94.62995,38.840213,291.5336
-94.630051,38.84022,291.8748224
-94.630168,38.840259,292.992631
-94.630184,38.840268,293.207767
-94.630296,38.840331,294.5144
-94.630358,38.84037,295.2416
-94.630432,38.840391,295.9256
-94.630511,38.840393,296.5088
-94.630587,38.840375,296.8132
-94.630652,38.840339,296.788
-94.630772,38.8403,296.9392
-94.630837,38.84029,297.0874192
-94.630914,38.840278,297.0013677
-94.631043,38.840269,296.9213034
-94.633846,38.840254,292.2099834
-94.636295,38.840241,293.5459024
-94.63934,38.840225,302.30456
-94.641037,38.840214,299.7704
-94.64263,38.840202,301.0811296
-94.644378,38.840194,298.4689427
-94.644575,38.840191,298.8452
-94.646723,38.840185,307.7337352
-94.647431,38.840187,309.5059771
-94.648907,38.840179,306.7979851
-94.649058,38.840176,308.0742643
-94.649122,38.840175,308.618904
-94.649228,38.840174,309.3032909
-94.649356,38.840176,309.9313382
-94.649939,38.840168,308.4392
-94.651361,38.840164,302.51
-94.652732,38.840162,299.9636659
-94.652966,38.840147,303.1812
-94.653257,38.840118,304.7741949
-94.653507,38.840074,303.4489533
-94.653635,38.840055,302.404972
-94.653714,38.840064,301.8650598
-94.65378,38.840076,301.4384512
-94.653867,38.840126,301.1005437
-94.653902,38.840156,301.0966925
-94.653945,38.840179,301.1586312
-94.653994,38.840192,301.1208499
-94.654046,38.840196,301.0121126
-94.654096,38.840191,300.8625254
-94.654143,38.840176,300.6875827
-94.654301,38.840168,301.2795187
-94.654523,38.840168,302.1117626
-94.656221,38.840158,304.7938173
-94.65723,38.840147,307.5727824
-94.657621,38.840108,306.6807226
-94.657956,38.840058,306.4768
-94.658048,38.840059,306.8224
-94.658091,38.840066,307.2725645
-94.658187,38.840103,308.5518749
-94.658269,38.840134,309.4934477
-94.658305,38.840152,309.9000288
-94.658345,38.840163,310.2329544
-94.658391,38.840166,310.4863382
-94.658437,38.840159,310.6775803
-94.658668,38.840153,311.6636038
-94.658953,38.840142,311.904415
-94.660281,38.840142,312.4723299
-94.661965,38.840138,312.4659632
-94.663596,38.840138,310.0608
-94.665177,38.840131,305.1972
-94.665822,38.840128,305.4984
-94.666482,38.840135,308.9841072
-94.667594,38.840145,311.6688656
-94.667665,38.840146,311.7769808
-94.667844,38.840146,311.9488
-94.66798,38.840149,311.9272
-94.66919,38.840174,316.0054176
-94.669637,38.840172,314.2336589
-94.670375,38.840168,312.78832
-94.67274,38.840168,319
-94.672802,38.840168,319.0872
-94.672943,38.840166,319.5948
-94.67479,38.840119,326.2826704
-94.675487,38.840108,324.9384
-94.675543,38.840107,324.5496
-94.67602,38.840101,323.4815392
-94.676858,38.840101,327.0524
-94.676922,38.840101,327.2828
-94.677666,38.840092,328.5976
-94.678257,38.84009,326.6386352
-94.679373,38.840085,320.9479032
-94.679445,38.840085,320.61
-94.679502,38.840085,320.4048
-94.680619,38.840084,319.5308
-94.681732,38.840126,325.4317734
-94.682112,38.840134,325.4472
-94.682414,38.840136,325.8211802
-94.682563,38.840137,325.9894845
-94.682704,38.840137,325.9963878
-94.684159,38.840133,316.0552
-94.685943,38.840135,317.4117456
-94.686069,38.840134,317.8537363
-94.686309,38.840134,317.6312618
-94.686457,38.840131,317.3420363
-94.688222,38.840114,312.2363117
-94.689626,38.840099,318.6536
-94.68974,38.840102,319.0809984
-94.691627,38.840108,320.9444794
-94.692076,38.840116,321.0550246
-94.692475,38.840127,320.9144
-94.692892,38.840145,320.6077536
-94.69335,38.840173,322.451936
-94.69418,38.840239,323.0547008
-94.694867,38.840259,326.0028662
-94.695253,38.840258,327.1116979
-94.695872,38.840263,326.1725946
-94.6964,38.840255,324.28144
-94.696943,38.84025,322.10572
-94.697649,38.840195,320.5421528
-94.698013,38.84017,318.8589584
-94.69838,38.840154,319.1088
-94.699071,38.840147,316.5649435
-94.699715,38.84015,314.01404
-94.700735,38.840154,314.8698848
-94.701928,38.840158,314.543273
-94.704988,38.840169,319.1905171
-94.70509,38.84017,319.494864
-94.705272,38.84017,320.0426112
-94.705382,38.840171,320.4532
-94.708546,38.84018,315.1518912
-94.708823,38.840181,315.7628
-94.711852,38.84019,324.3328
-94.714713,38.840191,319.3248566
-94.714866,38.840192,319.1489651
-94.723581,38.840244,316.9048
-94.70509,38.84017,319.494864
-94.705272,38.84017,320.0426112
-94.705382,38.840171,320.4532
-94.708546,38.84018,315.1518912
-94.708823,38.840181,315.7628
-94.711852,38.84019,324.3328
-94.714713,38.840191,319.3248566
-94.714866,38.840192,319.1489651
-94.723581,38.840244,316.9048
-94.70509,38.84017,319.494864
-94.705272,38.84017,320.0426112
-94.705382,38.840171,320.4532
-94.708546,38.84018,315.1518912
-94.708823,38.840181,315.7628
-94.711852,38.84019,324.3328
-94.714713,38.840191,319.3248566
-94.714866,38.840192,319.1489651
-94.723581,38.840244,316.9048
-94.72369,38.840245,317.402
-94.723868,38.840244,318.0464
-94.723968,38.840243,318.41
-94.725922,38.840248,325.3616
-94.726505,38.840195,320.866
-94.726706,38.840181,319.51
-94.727137,38.840151,318.1667765
-94.729625,38.840158,317.1376
-94.730609,38.840161,318.4154301
-94.730672,38.840161,318.9051366
-94.73073,38.840161,319.3559776
-94.731266,38.840162,321.724
-94.731466,38.840163,322.0107043
-94.732116,38.840165,322
-94.734074,38.84015,317.073456
-94.736755,38.840147,317.7918856
-94.738256,38.840141,321.2893683
-94.740113,38.840146,314.6608
-94.741074,38.840185,315.7348
-94.741644,38.840203,320.5299334
-94.742036,38.840167,323.3338445
-94.742148,38.840208,323.6816794
-94.742203,38.840228,323.8083994
-94.742221,38.840235,323.8453224
-94.742288,38.840274,323.992841
-94.74232,38.840317,323.8588
-94.742393,38.840342,323.7688
-94.742441,38.840353,323.7292
-94.742491,38.840351,323.7364
-94.742559,38.840337,323.9539163
-94.742624,38.84031,324.2786176
-94.742646,38.840256,324.645207
-94.742657,38.840178,325.1274198
-94.742637,38.84013,325.2875824
-94.742598,38.840071,325.3598243
-94.742536,38.839967,325.2592
-94.74249,38.839891,324.9138736
-94.742456,38.83957,324.3511936
-94.742468,38.837762,322.7712
-94.742469,38.837533,321.126
-94.742474,38.833731,306.1239955
-94.742483,38.832344,302.8768
-94.742496,38.830333,301
-94.7425,38.829848,306.736
-94.742504,38.829166,313.0479654
-94.742517,38.826739,323.28
-94.742511,38.826269,326.0396
-94.742505,38.825659,323.4084
-94.742479,38.823296,322.8656
-94.742478,38.823197,322.5092
-94.742473,38.821688,316.966665
-94.742455,38.816191,327.4713912
-94.742455,38.816126,327.9014832
-94.742454,38.816039,328
-94.742405,38.81352,333.656
-94.742402,38.813367,334.7576
-94.742393,38.810878,322.0671402
-94.744737,38.810897,327.8528131
-94.748178,38.810903,324.6916
-94.749644,38.81091,326.552
-94.751101,38.810928,326.0124051
-94.752319,38.810943,325.468555
-94.752478,38.810942,325.9345491
-94.760002,38.810961,327.0072
-94.761071,38.811008,327.4619987
-94.762283,38.81105,325.78
-94.763028,38.811088,326.8336
-94.763899,38.811131,327.2133938
-94.765046,38.811178,331.5214765
-94.765389,38.811193,331.0836
-94.767491,38.811206,332.6694678
-94.76771,38.811207,332.6548
-94.768992,38.811198,330.9416
-94.770416,38.811185,332.8663616
-94.771443,38.811209,335.1576
-94.771967,38.811209,333.6236
-94.773135,38.811203,331.2361912
-94.773996,38.81121,329
-94.774493,38.811189,328.5117861
-94.775325,38.811121,329.0356
-94.776078,38.811046,328
-94.77673,38.810991,327.7777872
-94.777382,38.810952,324.4272
-94.777933,38.810943,327.1742142
-94.779459,38.810947,330.2061579
-94.780441,38.810947,331.5844
-94.781542,38.810942,335
-94.781775,38.810942,334.61
-94.7827,38.810945,334.88744
-94.782832,38.81095,335
-94.783384,38.810974,335.2724326
-94.784378,38.811016,336.3211021
-94.785305,38.811074,335.0493072
-94.785946,38.811077,339.8112
-94.786895,38.811072,341.8721248
-94.787141,38.811068,342.5977805
-94.787585,38.81106,342.816
-94.788533,38.811053,342.928
-94.797293,38.811001,342.2072
-94.798323,38.810997,337.6264
-94.799436,38.811024,340.0896
-94.801014,38.811062,337.4736
-94.801854,38.811085,339.0306064
-94.802044,38.81109,339.3311616
-94.802407,38.811091,339.3105605
-94.802826,38.811091,338.0975373
-94.803234,38.811092,338.8488
-94.804187,38.811093,338.1956
-94.805041,38.811095,338.7944
-94.806404,38.811097,338.9492
-94.812174,38.811107,334
-94.813084,38.811097,334.0971981
-94.814737,38.811014,339.3496
-94.815335,38.811016,339.1364
-94.815796,38.811018,338.0450509
-94.815855,38.811018,338
-94.815907,38.811018,338
-94.816304,38.811017,339.1535373
-94.816781,38.811018,339.6648
-94.817025,38.811018,339.567592
-94.817288,38.810997,339.4702323
-94.817539,38.81096,340.6203776
-94.817761,38.810913,341.3833227
-94.817996,38.810858,341.8921613
-94.818565,38.810714,342
-94.818885,38.810636,341.7144544
-94.819178,38.810588,340.8471654
-94.819517,38.810565,339.7299192
-94.819888,38.810585,338.2972
-94.820215,38.81063,337.524568
-94.820509,38.810694,337.4180682
-94.820842,38.810813,338
-94.821116,38.810924,337.6674893
-94.821204,38.81096,337.5145728
-94.821448,38.81108,338.2897664
-94.821729,38.811209,339.5685214
-94.822048,38.811348,337.8667238
-94.822331,38.811429,335.8966941
-94.822645,38.811509,334.5676
-94.823003,38.811568,335.166
-94.823334,38.811587,334.2837117
-94.823647,38.811583,332.909715
-94.823996,38.811556,332.3200461
-94.824339,38.8115,332.67592
-94.824641,38.811439,332.8196
-94.825165,38.811332,333.594
-94.825205,38.811322,333.738
-94.825216,38.811319,333.7776
-94.825499,38.811263,334.074543
-94.825852,38.811197,332.2884218
-94.826206,38.811143,331.9607843
-94.826598,38.811098,332.8116678
-94.827048,38.81107,334.3728
-94.82756,38.811044,334.8883712
-94.834412,38.810993,325.7587366
-94.836672,38.811,326.61536
-94.837138,38.810987,327.7581302
-94.837413,38.81098,327.944
-94.838287,38.810954,324.8267421
-94.839589,38.810873,326.1092869
-94.843824,38.810848,326.8192
-94.843987,38.810847,327.4024
-94.845362,38.810857,331.6374326
-94.848125,38.810862,328.6032
-94.850062,38.810862,332.6164685
-94.850904,38.810895,328.0766464
-94.851755,38.810954,327.7037392
-94.853322,38.810976,325.4592
-94.853743,38.810971,325.7781109
-94.855244,38.810973,326.2432
-94.858028,38.810977,320.0478938
-94.85991,38.810984,319.3093376
-94.861496,38.81098,321.4668032
-94.862419,38.810978,321.2292
-94.862997,38.810979,321.1105435
-94.866516,38.810991,325.5676
-94.870661,38.810967,328.5246635
-94.871231,38.810964,329.5092
-94.871428,38.810963,328.6613491
-94.872675,38.810966,324.670888
-94.877955,38.810963,329.638
-94.879097,38.810983,327.5193379
-94.879166,38.810984,327.5421965
-94.879497,38.810981,327.5316
-94.880356,38.810989,327.2816
-94.880943,38.811013,328.2372867
-94.881681,38.811077,328.9547365
-94.883027,38.811244,327.0432
-94.884515,38.811454,324.0196
-94.886957,38.811804,318.9664531
-94.887409,38.81185,318.216216
-94.887643,38.811871,317.8638869
-94.888068,38.811893,316.8148
-94.888376,38.811906,316.8616
-94.889195,38.811913,319.898
-94.890416,38.811901,316.0785754
-94.891528,38.811897,316.67
-94.891854,38.811905,316.142
-94.892437,38.811948,317.770297
-94.892861,38.812014,318
-94.893295,38.812107,317.138
-94.893759,38.812257,316.9414565
-94.894168,38.812439,317.2260378
-94.894582,38.812652,319.0467469
-94.895171,38.813034,320.8448
-94.895619,38.813337,322.1959702
-94.896528,38.813968,319.9986278
-94.897157,38.814413,324.2432
-94.897608,38.814631,323.6043181
-94.898034,38.814776,325.9224
-94.89842,38.814875,324.7192
-94.898814,38.814939,325.1308042
-94.89927,38.814987,325.4876
-94.899591,38.814986,323.292591
-94.899959,38.814966,319.3023338
-94.900322,38.814929,316.922183
-94.900473,38.814905,316.7779152
-94.900752,38.814847,317.8088
-94.900914,38.814804,318.4966938
-94.901034,38.814768,318.7894515
-94.901327,38.814675,320.592276
-94.901639,38.814534,321.610111
-94.901975,38.814346,320.071016
-94.902281,38.814154,320.4039021
-94.902568,38.813952,321.1888
-94.902813,38.813819,322.3400971
-94.902872,38.813802,322.2946982
-94.902939,38.813782,322.2026621
-94.903224,38.81358,320.4026496
-94.903341,38.813491,319.7304
-94.9035,38.813377,319.0716
-94.903851,38.813095,318.0305688
-94.904084,38.812929,318.4936
-94.904409,38.812735,319.5711496
-94.904607,38.81264,320.0845184
-94.904666,38.812561,320.4644941
-94.904774,38.812484,321.1864
-94.905119,38.812351,322
-94.90544,38.812259,322.0773216
-94.90569,38.812208,322.0776192
-94.90632,38.812092,322.8837376
-94.908752,38.811691,326
-94.908866,38.811672,326
-94.909047,38.811634,325.8317379
-94.909158,38.81161,325.7896352
-94.910156,38.811427,324.6217485
-94.912316,38.81106,324.368
-94.912412,38.811049,324.4472
-94.912586,38.811028,324.5057677
-94.912837,38.811012,324.4939302
-94.913153,38.810999,325.1415829
-94.913434,38.810992,325.2734029
-94.914189,38.810996,325
-94.91473,38.810997,325.0115024
-94.915072,38.811001,325.3964
-94.91547,38.811003,324.6972
-94.915633,38.811003,324.280691
-94.916442,38.81101,321.2944032
-94.917078,38.81101,320.8110112
-94.917132,38.811009,320.8806035
-94.918566,38.811017,325.1624
-94.919322,38.811018,325.3296
-94.919907,38.811025,326.148988
-94.920868,38.81103,325.8387584
-94.920956,38.81103,325.4294528
-94.921043,38.811027,325.0166466
-94.921186,38.811028,324.4312
-94.921789,38.811032,326.0062259
-94.922326,38.811033,329.8309437
-94.92299,38.811027,330
-94.923261,38.81102,330.4970112
-94.923927,38.811004,330.9157043
-94.924482,38.811,330.34592
-94.924763,38.811001,329.8532
-94.92504,38.811002,328.9434368
-94.925824,38.811,329.58656
-94.926232,38.810988,329.2583194
-94.926466,38.81099,328.0373664
-94.92679,38.810996,326.2959936
-94.927074,38.811006,325.0884858
-94.927109,38.811007,325.0044315
-94.927367,38.811019,325.5327701
-94.92744,38.811023,325.9537152
-94.927905,38.811049,330.0371912
-94.928051,38.811056,330.9704538
-94.92823,38.811065,332.151752
-94.928503,38.811066,332.9367939
-94.930941,38.811071,333.0103694
-94.932912,38.811077,331.063463
-94.933892,38.811087,329.0765722
-94.935075,38.811091,325.6576
-94.935349,38.811082,324.9220707
-94.935523,38.811082,324.9877174
-94.936033,38.811124,326.7318477
-94.93627,38.811125,327.0286
-94.936687,38.811115,327.0119504
-94.937281,38.811119,325.7539906
-94.93769,38.811102,325.0103648
-94.939257,38.8111,322.419184
-94.940833,38.811098,318.0472
-94.942475,38.811098,320.098648
-94.943589,38.811097,318.0508
-94.94462,38.811098,317.5848
-94.945852,38.8111,315.0672
-94.947727,38.8111,317.032688
-94.948018,38.811099,317.8706947
-94.948953,38.811095,318.6799728
-94.949857,38.811098,315.5148
-94.950298,38.8111,317.108512
-94.950378,38.8111,317.696032
-94.952502,38.811108,318.9736806
-94.952769,38.811108,319.9456461
-94.953201,38.811109,322.5084
-94.954735,38.811112,315.9968
-94.955372,38.811114,316.6644723
-94.956985,38.811117,313.8782952
-94.957393,38.811118,313.0496
-94.959708,38.811118,311.9984
-94.960097,38.811119,315.3861654
-94.96156,38.811124,316
-94.963405,38.811129,318.1121848
-94.964369,38.811132,322.0756486
-94.966345,38.811136,322.0896
-94.96754,38.811138,326.9032
-94.968499,38.811135,328.4201808
-94.968746,38.811134,327.5567866
-94.973572,38.811161,327.6543123
-94.973983,38.811161,327.782897
-94.979785,38.811164,314.452
-94.981022,38.811162,317.1832
-94.98261,38.811159,319.1724
-94.983032,38.811162,317.3528
-94.983526,38.811166,316.0605446
-94.985841,38.811172,316.8204998
-94.986204,38.811178,318.5752
-94.987324,38.811174,322.222953
-94.987584,38.811178,323.4480358
-94.988304,38.811177,329.9204
-94.98898,38.811177,325.6101984
-94.989182,38.811177,322.6654934
-94.991459,38.811175,323.919548
-94.992251,38.811177,322.3408
-94.992398,38.811183,322.8916
-94.99243,38.811183,323.0068
-94.994169,38.811194,317.5942934
-94.994666,38.811198,318.1104
-94.994906,38.811206,319.2292026
-94.997232,38.81121,314
-94.997516,38.811215,314.0576
-94.998529,38.811215,317.1528912
-94.999731,38.811216,318
-95.001415,38.811225,314
-95.003164,38.811239,315.93
-95.010249,38.811261,320.3091026
-95.011565,38.811265,320.916764
-95.013639,38.811271,329.9848195
-95.013933,38.811274,329.7615203
-95.013969,38.811275,329.701756
-95.01509,38.811288,329.5695232
-95.016818,38.811303,326
-95.017409,38.811308,326.1958029
-95.018242,38.811316,326.2624
-95.018363,38.811315,326.266
-95.019039,38.811307,327.3810901
-95.019038,38.812583,329.9959958
-95.019038,38.813489,331.3095773
-95.019038,38.813538,331.2148858
-95.019064,38.815762,333.1658867
-95.019055,38.81775,328.5618
-95.019047,38.81938,321.5244
-95.019037,38.820126,319.1886595
-95.019029,38.820759,316.6678226
-95.019025,38.821232,311.766752
-95.019023,38.821499,312.8633819
-95.019019,38.822059,318.6615682
-95.019038,38.824016,316.9208
-95.019028,38.824827,315.122
-95.019022,38.825303,314.4735114
-95.019022,38.825325,314.432264
-95.019022,38.825863,314
-95.019029,38.826015,314
-95.019016,38.827703,307.7927718
-95.019018,38.828544,304.4229043
-95.019002,38.830251,303.6320541
-95.018991,38.830672,302.7348979
-95.018985,38.83245,302.834
-95.018973,38.833475,301.148372
-95.018972,38.833554,301.0615155
-95.018972,38.833612,301.0041574
-95.018974,38.835283,301.9812
-95.018974,38.835474,301.2936
-95.018957,38.839069,298.5105877
-95.018952,38.839918,299.2272
-95.01895,38.840407,301.9304
-95.018955,38.841003,302.3833704
-95.018949,38.842536,308.7836
-95.018957,38.844594,302.7647686
-95.018945,38.847706,305.202
-95.018945,38.847787,305.1620936
-95.018941,38.848759,303.9953218
-95.018944,38.849528,307.0838426
-95.018946,38.849943,311.5052218
-95.018947,38.850211,312.1589083
-95.018951,38.850678,309.4670371
-95.018956,38.851264,304.6912
-95.018957,38.851401,304.2345093
-95.01896,38.851796,303.6535936
-95.01897,38.852989,300.4859632
-95.018972,38.853283,300.646585
-95.018972,38.853381,300.5805427
-95.018974,38.854949,300.8164
-95.018979,38.855404,301.3686074
-95.018972,38.856498,298.0936
-95.018973,38.856759,298.7978507
-95.018975,38.857347,297.5508
-95.018975,38.857434,297.2376
-95.018964,38.858573,298.8668
-95.018952,38.859805,299.4574944
-95.018952,38.86001,300
-95.018952,38.860312,300.095209
-95.018937,38.861651,300.0564
-95.018935,38.861803,300
-95.018934,38.862661,299.1624
-95.018941,38.863694,294.7575798
-95.018938,38.86454,296.1159808
-95.018934,38.865653,295.1624
-95.018935,38.866298,295.8931152
-95.018938,38.869516,288.8687437
-95.020198,38.869527,290.2891117
-95.022499,38.869531,288.9975218
-95.028275,38.869563,293.809228
-95.034113,38.869583,280.7080318
-95.036706,38.869599,280.2544
-95.037432,38.86959,282.1282752
-95.038384,38.869587,276.3480307
-95.041059,38.869577,283.9544
-95.041726,38.869575,285.422816
-95.043895,38.869578,286.0105776
-95.044696,38.86958,286.488
-95.04696,38.869579,294.9128
-95.047073,38.869579,294.506
-95.047855,38.869565,293.470696
-95.04945,38.86958,292.50224
-95.050236,38.86958,293.3412096
-95.05094,38.869572,292.2012672
-95.052481,38.869577,292.9870405
-95.053604,38.869573,294.0118477
-95.054778,38.869577,293.2261782
-95.055865,38.869571,292.0267384
-95.056117,38.869573,291.516
-95.0607,38.869577,288.5228
-95.060979,38.869577,289.0472
-95.061263,38.869577,289.5228
-95.064005,38.869579,291.5156
-95.065719,38.869576,292.2569338
-95.069072,38.869576,287.8672
-95.072611,38.869568,288.2892
-95.073133,38.869567,289.8769934
-95.074368,38.869564,282.5696
-95.074704,38.869563,284.0431981
-95.075449,38.869562,284.9323395
-95.077398,38.86956,291.4336
-95.083742,38.869554,289.3621587
-95.090279,38.869547,286.9939755
-95.092218,38.869541,281.6899165
-95.09276,38.86954,281.073984
-95.09328,38.869538,276.9302656
-95.093281,38.870215,282.9248
-95.093319,38.884104,276.174
-95.099317,38.884131,265.7390901
-95.099724,38.884129,265.2575322
-95.102571,38.884111,266.8508222
-95.104969,38.884103,270.6592
-95.105324,38.884102,269.8723379
-95.105394,38.884102,269.6790035
-95.106567,38.884106,266.936
-95.107929,38.884107,268.5162629
-95.108129,38.884107,270.7860069
-95.109197,38.884107,270.3438562
-95.109431,38.884107,269.6824037
-95.110512,38.884108,269.632
-95.110699,38.884113,270.2234315
-95.111908,38.884108,268.8965094
-95.116468,38.884124,275.1669453
-95.122913,38.884147,281.5576
-95.123742,38.88415,281.148272
-95.1238,38.88415,281.1608
-95.124874,38.884157,285.9652
-95.125892,38.884163,290.2271878
-95.126641,38.884168,292.898
-95.12745,38.884171,294.145992
-95.129088,38.884176,292.635031
-95.13022,38.884179,287.3882944
-95.131016,38.884194,286.9191078
-95.13197,38.884176,290.9229824
-95.133654,38.884179,286.9037107
-95.133903,38.884179,286.0824
-95.135723,38.884182,287.8057491
-95.137507,38.884185,281.0391368
-95.138748,38.884187,281.442327
-95.138923,38.884187,282.9268
-95.139662,38.884188,282
-95.139773,38.884188,282.168761
-95.14434,38.884204,291.2685312
-95.144867,38.884206,287.1416
-95.145777,38.884207,286.2604
-95.146189,38.884207,284.8548
-95.149061,38.884209,288.525173
-95.149235,38.88421,289.128376
-95.150638,38.884218,285.7032
-95.151633,38.884224,280.2064
-95.152206,38.884227,281.1714845
-95.152528,38.884226,281.8992
-95.153439,38.884235,276.2868216
-95.15385,38.884237,274.1668
-95.154768,38.884242,272.6257062
-95.156279,38.884251,266.8512875
-95.157767,38.88426,270.6643104
-95.158694,38.884265,274.6896336
-95.167865,38.88432,281.166656
-95.172818,38.884332,274.8296602
-95.17501,38.884338,273.4054048
-95.175596,38.884339,275.456521
-95.177047,38.884346,277.630889
-95.184182,38.884361,264.9336717
-95.186425,38.884363,263.5436
-95.188651,38.884375,257.2141
-95.189161,38.884378,257.9796
-95.191129,38.884388,259.3058278
-95.1912,38.884388,259.713152
-95.192853,38.884397,256.7217053
-95.193558,38.884401,253.5339037
-95.196668,38.884419,255.1007603
-95.197299,38.884407,257.8956587
-95.197518,38.884409,257.1904
-95.205332,38.88446,255.7317376
-95.207541,38.884467,260.9068149
-95.207941,38.884463,260.3180517
-95.210088,38.884469,265.722
-95.2139,38.88448,267.54688
-95.214687,38.884482,272.0084
-95.215142,38.884483,271.7664
-95.215364,38.884484,270.9744
-95.215892,38.884485,270.5032
-95.216927,38.884489,271.8844731
-95.218152,38.884492,276.352
-95.219146,38.884495,280.9391408
-95.220739,38.8845,283.8604
-95.220874,38.8845,284.3464
-95.221345,38.884501,285.1856
-95.222573,38.884505,281.7944904
-95.223895,38.884509,276.5403128
-95.223954,38.884509,276.5896746
-95.226075,38.884527,283.241528
-95.22899,38.884551,275.6640304
-95.2311,38.884569,268.610672
-95.233363,38.884571,275.6796
-95.236677,38.884572,271.6322822
-95.239152,38.884573,271.9716358
-95.241781,38.884574,273.9452
-95.245312,38.884551,284.697319
-95.245636,38.884549,283.0444
-95.246631,38.884542,286.6513882
-95.246877,38.884541,286.4632027
-95.247165,38.884539,285.2717552
-95.24942,38.88453,272.813792
-95.251157,38.884523,274
-95.25338,38.884514,267.1649344
-95.253593,38.884511,266.7943562
-95.253947,38.884505,266.6640112
-95.255566,38.884498,266.3783507
-95.255891,38.884497,266.1892
-95.257422,38.884495,268.5780944
-95.257425,38.884845,273.58268
-95.257607,38.885366,273.9452605
-95.257795,38.885831,273.9306416
-95.258115,38.88652,274.156992
-95.259077,38.888083,273.0669074
-95.259245,38.888356,274.7999776
-95.259559,38.889355,274.644
-95.259717,38.890051,272.7788
-95.26008,38.891311,272.3611552
-95.26016,38.89173,274.228
-95.260242,38.892161,274.3208125
-95.260294,38.89264,274.4456
-95.260335,38.893167,274.8682472
-95.260357,38.893706,269.0726243
-95.260356,38.894073,268.1310445
-95.260366,38.894733,271.2664771
-95.260362,38.895999,264.4136
-95.260363,38.896261,263.074
-95.260369,38.89651,262.5136176
-95.260371,38.896869,263.547949
-95.260392,38.897953,262.521015
-95.260373,38.899014,261.8456029
-95.260394,38.902252,257.4295475
-95.260402,38.903198,258.5528
-95.260406,38.904156,260.4793254
-95.260424,38.906608,255.4152243
-95.260434,38.907547,253.3128
-95.260445,38.908052,255.3697888
-95.260441,38.908661,253.285133
-95.26044,38.908732,253.6893568
-95.260446,38.91066,255.2664
-95.260437,38.911273,253.5924
-95.26045,38.9136,257.5048
-95.260453,38.916104,251.4877485
-95.260453,38.916525,250.678292
-95.260438,38.918021,254.9282461
-95.260437,38.918462,254
-95.260501,38.918744,254.3844422
-95.260523,38.918842,254.7337834
-95.26053,38.92018,257.556
-95.26052,38.920664,260.1499136
-95.260518,38.920773,260.3175037
-95.260801,38.920761,259.1164
-95.262718,38.92022,265.1560384
-95.263069,38.920133,264.3507739
-95.263456,38.920047,259.6004813
-95.263819,38.920003,256.5085654
-95.263835,38.920002,256.3924064
-95.264242,38.919978,260.192
-95.264984,38.919918,259.0576
-95.265803,38.919914,257.9661917
-95.267579,38.919911,255.0748
-95.268568,38.91991,257.2737152
-95.269097,38.919911,255.9304
-95.26976,38.919938,255.9128
-95.270234,38.919974,257.7488
-95.270699,38.92002,259.9956192
-95.27133,38.920104,259.0496
-95.271962,38.920214,255.8552
-95.272406,38.920308,252.5311821
-95.273048,38.920465,253.9670016
-95.273329,38.920541,254.8943826
-95.274018,38.920753,254.4012403
-95.274574,38.920947,254.5336
-95.279019,38.922557,255.3341686
-95.279117,38.922591,255.4491498
-95.284656,38.924573,255.0211891
-95.288538,38.92595,254.1032
-95.290729,38.926734,254.1938454
-95.294175,38.927969,255.707096
-95.297845,38.929281,254.3464
-95.299094,38.929731,256.9684
-95.299863,38.930009,255.0488203
-95.300284,38.930173,256.2540493
-95.300695,38.930353,256.2272
-95.301116,38.930557,252.9928
-95.301506,38.930774,253.6628538
-95.301862,38.930988,255.8168
-95.302365,38.931325,258.14422
-95.302827,38.931685,255.7024952
-95.303146,38.93196,254.4376
-95.303503,38.93231,257.1229872
-95.304633,38.933464,255.1109075
-95.305366,38.93422,258.7470208
-95.305849,38.934743,256
-95.306065,38.934978,256
-95.306233,38.935151,258.0313366
-95.306977,38.935923,260.2056
-95.307013,38.935961,260.2128
-95.307076,38.936024,260.2128
-95.307284,38.936246,259.7711949
-95.307647,38.93662,259.0790944
-95.308152,38.937141,259.1563213
-95.309254,38.93828,264.8683648
-95.309695,38.938739,266.4792
-95.310123,38.939184,272.8311693
-95.310503,38.939576,268.0455949
-95.310766,38.939834,266.1920582
-95.310938,38.939988,266.9461555
-95.31112,38.940136,267.9478656
-95.311368,38.940329,267.5053331
-95.311579,38.940479,267.7644
-95.311953,38.94072,268.7577664
-95.312222,38.940882,269.3512
-95.312477,38.941015,269.3908
-95.312778,38.941168,269.2030362
-95.313092,38.941308,266.7376
-95.313401,38.941427,264.9270219
-95.313645,38.941522,264.8948624
-95.314004,38.94164,265.3373824
-95.314337,38.941738,265.5136
-95.314727,38.941834,266.1876
-95.31509,38.941909,265.4621424
-95.315458,38.94197,265.2436896
-95.315784,38.942015,264.9396
-95.316128,38.942049,263.4827149
-95.316478,38.942073,263.5607338
-95.31673,38.942081,264.2150304
-95.317877,38.942083,270.3524
-95.319052,38.942086,274.5759258
-95.322071,38.942077,289.8407754
-95.32378,38.942072,293
-95.324807,38.942073,294.4703534
-95.325758,38.942077,294.8705834
-95.326127,38.942087,295.516155
-95.326351,38.942099,295.924107
-95.326751,38.942127,296.5423259
-95.327139,38.942171,297.4420925
-95.327486,38.942222,297.0488
-95.327873,38.942283,297
-95.328952,38.942474,295.9064
-95.329319,38.942532,295.9888486
-95.329768,38.942584,295.797271
-95.330038,38.942612,296.5135155
-95.330365,38.942638,297.4904
-95.330987,38.942653,297.4601077
-95.33108,38.942653,297.3437312
-95.332628,38.942644,293.7563213
-95.333017,38.942653,296.3748
-95.333342,38.942682,298.3104
-95.33362,38.942722,298.5728256
-95.333847,38.942768,298.1102918
-95.334093,38.942835,298.206
-95.334334,38.942897,298.4292
-95.334582,38.942979,298.5879229
-95.334842,38.943082,298.0834502
-95.335116,38.943206,295.5557722
-95.335251,38.943273,294.0929381
-95.335512,38.943433,291.1197606
-95.335741,38.943594,291.8356758
-95.335953,38.94375,294.6462
-95.336131,38.943894,297.0702826
-95.336301,38.944053,297.2797291
-95.336473,38.944238,296.820959
-95.336602,38.944404,296.8010957
-95.336729,38.944587,297.2184758
-95.336837,38.944758,296.9210198
-95.336974,38.945025,296.2864
-95.337041,38.945184,297.6724
-95.337112,38.94536,299.1952
-95.337157,38.945538,300.6388
-95.337215,38.945829,300.9995944
-95.337242,38.94606,299.3417984
-95.337249,38.946281,299
-95.337239,38.946483,299.0204635
-95.337209,38.946706,299.0543402
-95.337142,38.947041,300.1724131
-95.336909,38.947968,302.1876
-95.336745,38.948606,301.5536224
-95.335538,38.953536,293.1909107
-95.335312,38.954478,298.2291174
-95.335165,38.955063,297.594
-95.33508,38.955356,297.3691008
-95.335058,38.955431,297.3239741
-95.334728,38.956868,292.5238758
-95.334348,38.958404,284.968983
-95.334308,38.958622,285.0784
-95.334273,38.95881,286.432
-95.334158,38.959603,292.415809
-95.334116,38.959914,291.874071
-95.334064,38.960551,293.3471386
-95.334055,38.960783,295.8584
-95.334085,38.962464,295.294
-95.334089,38.962653,296.2271963
-95.334121,38.963997,300.4499845
-95.334135,38.964597,300.6632
-95.334197,38.967063,307.9161934
-95.334206,38.967444,308.2016
-95.334137,38.968015,309.708
-95.334135,38.968048,309.9456
-95.334114,38.968407,310.5688
-95.334107,38.968528,310.6444
-95.334062,38.968838,312.4562298
-95.334015,38.969039,312.5516
-95.333885,38.969531,312.6792
-95.333622,38.970345,312.1743408
-95.333442,38.970906,318.0478138
-95.333391,38.971128,320.1949779
-95.333369,38.971399,319.8861262
-95.333365,38.971456,319.2476576
-95.333903,38.971459,316.1160438
-95.334944,38.971443,313.5451283
-95.335537,38.971434,313.0216966
-95.336629,38.971429,317.1727806
-95.337651,38.971419,316.9788
-95.338242,38.971414,318.211753
-95.338656,38.97141,321.8498368
-95.340485,38.971393,326
-95.340644,38.971391,326.0024198
-95.341004,38.971388,325.9987661
-95.344821,38.971352,323.1711526
-95.346769,38.97133,327.9444
-95.347272,38.971332,327.4735002
-95.350494,38.971294,331.5070029
-95.353483,38.971238,318.2926762
-95.353829,38.971239,317.7552
-95.354686,38.971247,317.0450083
-95.355036,38.97125,318.6296
-95.356282,38.971261,323.1548
-95.35706,38.971268,326.3645568
-95.35755,38.971273,327.376488
-95.358132,38.971278,328.9445197
-95.360196,38.971296,327.0984474
-95.361774,38.97131,331.2766624
-95.36236,38.971315,332
-95.36258,38.971317,332.8538624
-95.363143,38.971321,337.3312114
-95.363867,38.971327,331
-95.364734,38.971334,328.9832435
-95.36555,38.971341,330.446248
-95.366653,38.971348,330.0492
-95.368473,38.971359,326.5513013
-95.368756,38.971361,326.0480314
-95.369031,38.971366,325.5727117
-95.369167,38.971369,325.1432
-95.369485,38.971388,325.0064
-95.369656,38.971406,324.9853146
-95.369805,38.971426,324.9601872
-95.369967,38.971455,324.7902744
-95.370296,38.971531,323.554
-95.370433,38.97157,323.9068
-95.370622,38.971632,324.5733478
-95.370945,38.971767,325.4864048
-95.371155,38.97188,325.22
-95.371272,38.971949,324.8346989
-95.371341,38.971989,324.317147
-95.371529,38.972126,322.8164758
-95.371743,38.972305,321.8302904
-95.371938,38.972505,322.0939472
-95.372034,38.972628,324.0170381
-95.372164,38.972816,326.246359
-95.3723,38.973051,327.971792
-95.372451,38.97345,324.1272
-95.37249,38.973604,321.0816
-95.372521,38.973867,317.6116427
-95.372527,38.974975,319.185652
-95.372533,38.976116,319.9803091
-95.372571,38.983635,313.6803816
-95.372583,38.983817,313.1814706
-95.372581,38.984669,316.5726706
-95.372595,38.984828,317.1690336
-95.372618,38.984997,317.9846122
-95.372631,38.985054,318.297121
-95.372654,38.985156,318.811849
-95.372691,38.985282,319.3428
-95.372806,38.985563,321.0804
-95.37291,38.985742,323.0136
-95.37296,38.985815,323.802
-95.37302,38.985904,323.7781632
-95.373113,38.986037,323.0048258
-95.373174,38.98611,322.5758944
-95.373252,38.98619,322.2928
-95.373442,38.986368,322
-95.373685,38.986557,322.266
-95.374011,38.986759,323.1072
-95.374535,38.98705,323.62
-95.375482,38.987553,322.4556
-95.377199,38.988465,321.4300264
-95.377703,38.988751,323.5036
-95.378476,38.989241,323.3363213
-95.379239,38.989776,326.7396
-95.379474,38.989928,325.8936
-95.379673,38.990034,324.9540893
-95.381107,38.990771,323.2358789
-95.38138,38.990919,322.7442688
-95.381561,38.991001,321.4683717
-95.381849,38.991123,319.6577878
-95.382137,38.991219,317.8828389
-95.382396,38.991296,317.04
-95.383073,38.991472,314.5984
-95.384066,38.99173,318.0464
-95.385231,38.992032,315.5694797
-95.385731,38.992159,316
-95.388863,38.992951,319.378161
-95.389087,38.993008,321.8636998
-95.389268,38.99305,324.027104
-95.389382,38.993076,325.4157453
-95.389429,38.993087,325.9526939
-95.389726,38.99313,325.7940448
-95.390033,38.993157,325.2986142
-95.391266,38.993184,320.8715315
-95.393174,38.993184,330.8496
-95.395852,38.993185,344.0672
-95.396052,38.993197,344.7872
-95.396358,38.993232,345.8888
-95.39651,38.993259,345.4473264
-95.396846,38.993335,343.0688208
-95.397008,38.993382,342.3103142
-95.397347,38.993515,342.8094232
-95.397721,38.993705,342.4733128
-95.397966,38.993855,342.2004
-95.399539,38.994972,342.417863
-95.399684,38.995075,341.200896
-95.400369,38.995561,340.0392
-95.400479,38.995639,340.6008
-95.40063,38.995742,341.8784
-95.400795,38.995855,343.812764
-95.401069,38.996049,344.7764
-95.401195,38.996138,344.8623664
-95.403903,38.998054,342.0056
-95.403991,38.998116,341.9200102
-95.404282,38.998312,340.6934874
-95.404399,38.998379,340.4924
-95.404436,38.998401,340.5176
-95.404599,38.998477,340.7466299
-95.404912,38.998609,340.9872077
-95.405128,38.998683,341.398345
-95.405391,38.998759,341.1248
-95.405537,38.998791,340.7144
-95.405712,38.998823,341.192409
-95.405891,38.998847,341.6984
-95.406082,38.998861,341.7992
-95.40648,38.998866,341.2332544
-95.406661,38.998861,340.0367037
-95.406841,38.998846,340.0969014
-95.407019,38.998822,340.6483386
-95.407319,38.998759,341.8808
-95.407487,38.998717,342.3344
-95.407667,38.998666,342.1976
-95.408258,38.9985,344.1288
-95.408538,38.998419,344.4643709
-95.409004,38.998284,344.9264026
-95.409418,38.998192,344.9515622
-95.409634,38.998159,345
-95.409915,38.998127,344.306
-95.410132,38.998119,342.6829357
-95.410466,38.998119,340.3960362
-95.410648,38.998127,339.7527962
-95.411033,38.998175,339.120916
-95.411277,38.998219,339
-95.411579,38.998292,339.6844
-95.41192,38.998398,339.9808
-95.412104,38.998467,339.9260013
-95.41231,38.998555,339.794336
-95.413657,38.999233,336.6769502
-95.413981,38.999366,337.3415562
-95.414269,38.999465,338.1752616
-95.414584,38.999557,339.310855
-95.414908,38.999637,339.6932
-95.415197,38.999691,339.8876
-95.415354,38.999712,339.9531021
-95.416336,38.999841,339.1172301
-95.41889,39.000178,339.4288
-95.419592,39.000267,338.6088
-95.419766,39.000283,338.9030371
-95.419923,39.000289,338.7687989
-95.420214,39.000291,338.7144
-95.420977,39.00026,338.6439008
-95.421786,39.000218,341.4304
-95.422549,39.000178,338.3656
-95.422947,39.000169,335.8033627
-95.423276,39.000162,335.2504
-95.423913,39.000164,340.5476467
-95.425329,39.000204,338.1218701
-95.426054,39.000225,342.659064
-95.42646,39.000242,339.3921728
-95.428518,39.00033,337.4137824
-95.429738,39.000375,340.39372
-95.430206,39.000387,342.8535971
-95.43041,39.000392,343.3733312
-95.431071,39.000418,341.7028931
-95.431722,39.00043,338.4346848
-95.434879,39.000456,344.2812
-95.436185,39.000467,340.4588
-95.436902,39.00047,341.8761376
-95.437365,39.000486,341.8844944
-95.437559,39.000501,342.2818307
-95.437735,39.000524,342.0054112
-95.437908,39.000552,342.9187994
-95.438156,39.000603,344.1708
-95.438292,39.000643,344.3148
-95.438445,39.000694,343.8947568
-95.438865,39.000852,342.0990208
-95.439567,39.001106,340.5772
-95.440689,39.001511,337.9372323
-95.443066,39.002385,337.6171328
-95.446083,39.003499,340.3432443
-95.447228,39.003908,344.792169
-95.449963,39.004571,344.0725141
-95.4508,39.004778,342.3208
-95.451092,39.004845,342.0304096
-95.452067,39.005081,342.6874539
-95.453055,39.005321,343.6888
-95.453418,39.005409,343.510775
-95.453597,39.005452,343.6142765
-95.455117,39.005809,337.1244971
-95.455892,39.005998,339.5067994
-95.456044,39.006035,339.5181984
-95.456432,39.00613,338.1254464
-95.456728,39.006208,338.3488
-95.456993,39.006279,338.4296
-95.457328,39.006337,337.4324
-95.457679,39.006454,337.0833526
-95.458468,39.006696,334.0271898
-95.459285,39.006921,332.4744456
-95.460403,39.007248,338.9525658
-95.460736,39.007337,339.7315853
-95.460747,39.00734,339.7077792
-95.460987,39.007393,338.6189074
-95.461254,39.007435,337.3652304
-95.46138,39.007451,336.8612448
-95.461469,39.007458,336.8051939
-95.461586,39.007468,336.8030541
-95.462177,39.007499,338.8233861
-95.462626,39.007518,338.0293933
-95.462975,39.007543,338.8648
-95.463065,39.007553,339.2523128
-95.463168,39.007565,339.9488768
-95.46334,39.007595,341.015792
-95.463545,39.007647,341.3587496
-95.463741,39.007697,340.8232
-95.464091,39.007807,339.215087
-95.46446,39.00794,339.079296
-95.464874,39.008074,337.5864
-95.465287,39.008194,338.0134531
-95.468567,39.009097,343.026973
-95.468752,39.009148,342.4256
-95.470292,39.009581,339.5596
-95.471258,39.009852,343.996
-95.473235,39.010377,344.7040488
-95.473377,39.010415,345.1692
-95.474545,39.010733,342.9544456
-95.475572,39.011009,341.2491238
-95.476167,39.011155,343.2126104
-95.476553,39.011235,344.9622968
-95.478794,39.011716,340.1998682
-95.478923,39.011743,340.7589454
-95.479598,39.011886,339.2475091
-95.482669,39.012536,334.8676
-95.484656,39.012959,340.1920678
-95.485046,39.013042,340.1494374
-95.485443,39.01312,342.0516064
-95.485892,39.013209,341.684
-95.486311,39.013254,341.0852822
-95.48675,39.013287,340.94996
-95.489827,39.013502,341.77
-95.49022,39.013522,342.3208
-95.490663,39.013536,342.3868
-95.490993,39.013541,343
-95.491295,39.013545,342.495556
-95.491945,39.013554,341.4107888
-95.495595,39.013621,337.6146552
-95.496049,39.013657,332.3530613
-95.496463,39.013724,330.2979725
-95.496802,39.013818,329.6371334
-95.49697,39.013851,328.9524
-95.497171,39.013944,327.530615
-95.49765,39.014165,326.53352
-95.497893,39.014304,327
-95.498097,39.01444,327.1492
-95.498272,39.014569,326.9814067
-95.498481,39.014755,326.9930136
-95.498699,39.014967,327.1492117
-95.49881,39.015097,328.0963184
-95.499035,39.015341,328.8125648
-95.499381,39.015734,328.1292
-95.500102,39.016535,328.4764
-95.500582,39.0171,331.506688
-95.500737,39.017319,331.5743749
-95.500863,39.017521,332.2660741
-95.500973,39.017732,334.5931386
-95.501074,39.017958,336.5549594
-95.501082,39.017985,336.6927616
-95.501098,39.01804,336.9387136
-95.501149,39.018161,337.4642226
-95.501179,39.018283,337.8630853
-95.501186,39.018311,337.9412758
-95.501188,39.018317,337.9574758
-95.501194,39.018344,338
-95.501241,39.018512,338
-95.501269,39.018617,338
-95.501283,39.018723,338
-95.501281,39.018921,337.929299
-95.501285,39.019056,337.6233984
-95.501289,39.019219,337.3596
-95.501289,39.019312,337.3596
-95.501296,39.019403,337.3344
-95.501323,39.019703,338.168
-95.50132,39.021016,338.2574848
-95.50132,39.021284,338.1543552
-95.50132,39.021322,338.1882816
-95.501321,39.021864,338.2444
-95.501342,39.023562,334.1618438
-95.501354,39.024234,336.4455546
-95.501366,39.024776,339.8511526
-95.501361,39.025272,339.8012883
-95.501369,39.025773,335.6360485
-95.501377,39.025988,334.3955379
-95.501384,39.02613,333.8979968
-95.501399,39.026319,333.2607582
-95.50142,39.026455,332.946688
-95.501449,39.026579,332.7037917
-95.501478,39.026704,332.310231
-95.501516,39.026804,332.0428749
-95.501548,39.026888,331.9704141
-95.501637,39.02707,332.4037264
-95.501686,39.027153,332.7857114
-95.50174,39.027244,333.3424
-95.501861,39.027413,334.3864
-95.5019,39.027453,334.6708
-95.502106,39.027667,335.2319421
-95.502788,39.028373,336
-95.502937,39.028516,336
-95.503091,39.028646,336.1276
-95.503252,39.028766,336.7072
-95.503421,39.028879,337.3043646
-95.503602,39.028985,337.2638512
-95.503752,39.02906,336.8856704
-95.503987,39.029162,336.9940662
-95.504224,39.029246,337
-95.504366,39.029289,337
-95.504511,39.029328,337
-95.504658,39.029361,337
-95.504807,39.029389,336.7557179
-95.504957,39.029412,336.2535194
-95.505261,39.029442,335.992263
-95.505414,39.029449,335.5176426
-95.506334,39.029452,333
-95.508123,39.029444,341.2412
-95.508142,39.029444,341.3096
-95.508296,39.029443,341.8604
-95.510695,39.02944,336.008032
-95.513489,39.029437,332.3592
-95.515016,39.029436,324.940951
-95.516076,39.029435,324.0626976
-95.519984,39.029426,318.9473754
-95.521391,39.029434,320.1054858
-95.526044,39.029462,310.212
-95.526344,39.029467,310.9188
-95.526407,39.029467,310.9135058
-95.526569,39.02947,310.8483472
-95.526838,39.029498,310.2354381
-95.527037,39.029537,310
-95.527238,39.029585,309.9151408
-95.52744,39.029648,309.0065152
-95.527631,39.029722,308.056
-95.527819,39.029798,307.329767
-95.527957,39.029853,307.2587203
-95.528153,39.029985,307.7694864
-95.528352,39.030133,306.7209754
-95.528528,39.030289,306.0350246
-95.528648,39.030416,306.9243187
-95.528781,39.030594,308.3884
-95.528909,39.03077,307.8386928
-95.528997,39.030926,307.2216
-95.529071,39.031076,306.6888
-95.52915,39.03127,305.548
-95.529197,39.031472,305.19
-95.529235,39.031677,305.7912
-95.529252,39.031833,306.2916
-95.529257,39.032002,306.6748
-95.529272,39.032585,306.6724352
-95.529305,39.032928,306.2733184
-95.529394,39.0332,306.796032
-95.52951,39.033457,306.528
-95.529602,39.033617,305.8564246
-95.529706,39.033772,305.0829747
-95.529826,39.033923,304.6722781
-95.529956,39.034065,304.6919744
-95.530261,39.034324,305.9396
-95.530749,39.034739,307.9029251
-95.530909,39.034871,306.7930974
-95.531104,39.035032,304.9271526
-95.531238,39.035142,304.4990323
-95.531305,39.035197,304.5828432
-95.532246,39.035973,302.3685603
-95.532782,39.036391,297.9925155
-95.533136,39.036668,298.8674099
-95.533257,39.036768,299.911047
-95.533601,39.037053,301.5221749
-95.533781,39.037195,302.2612632
-95.533902,39.037291,303
-95.534117,39.037475,303
-95.534339,39.037684,303.251447
-95.534768,39.038119,303.0376403
-95.534969,39.038345,303.7670872
-95.535155,39.038579,301.2822952
-95.535324,39.038818,299.5918694
-95.535327,39.038823,299.5675363
-95.535821,39.039503,299.7448
-95.536528,39.040562,299.9752
-95.536581,39.040637,299.3236
-95.536787,39.040928,298.3408
-95.537297,39.041646,298.7308
-95.537473,39.041858,298.1641514
-95.537661,39.04206,295.4404864
-95.537704,39.042101,294.6484922
-95.537862,39.042255,291.8229776
-95.538075,39.042443,289.599164
-95.538179,39.042528,288.8684
-95.538382,39.042683,287.8517782
-95.538593,39.042829,286.9332
-95.538682,39.042891,287.0159805
-95.538996,39.043086,285.4008
-95.539319,39.043265,283.1652
-95.539659,39.043432,281.8912435
-95.540005,39.043582,278.8430864
-95.540209,39.043657,277.0732
-95.540412,39.043726,275.6609485
-95.540622,39.043791,274.8868
-95.54083,39.043849,275.8444
-95.541045,39.043902,276
-95.541258,39.043949,275.0568323
-95.541277,39.043953,274.9434338
-95.541474,39.04399,273.9460704
-95.54197,39.044069,271.3516
-95.542255,39.044102,271.3233296
-95.542538,39.044124,272.231575
-95.542823,39.044135,273.772
-95.543249,39.044149,274.5692
-95.544188,39.04418,279.1728
-95.544568,39.044181,280.0802483
-95.545336,39.044183,281.2892755
-95.54576,39.044185,283.538
-95.547312,39.04419,281
-95.547762,39.044191,281.247873
-95.549896,39.044211,293.3192
-95.550445,39.044216,292.9572
-95.550911,39.04422,294.1383168
-95.550994,39.044221,294.082465
-95.551124,39.044221,293.9445242
-95.553601,39.044236,294.7321709
-95.554473,39.04424,293.8116608
-95.55565,39.044245,297.66
-95.557205,39.044251,285.1671768
-95.559783,39.044235,294.1111504
-95.560195,39.044239,294.4792
-95.56132,39.044248,290.7072
-95.564846,39.044279,291.2956
-95.56501,39.044311,292.5383056
-95.56642,39.044322,288.8386304
-95.566579,39.044321,288.0114526
-95.568875,39.044325,284.19
-95.569747,39.044268,285.3837197
-95.57108,39.044249,284.7824032
-95.571427,39.044244,285.7452
-95.571735,39.044244,286.1844864
-95.575179,39.044241,270.7324
-95.576191,39.044236,271.822185
-95.577441,39.04423,278.6476
-95.579838,39.044237,282.9104
-95.58038,39.044237,284.8616
-95.58214,39.044237,290
-95.582912,39.04424,291.3915648
-95.583417,39.044242,290.6502291
-95.584373,39.044245,293.5233392
-95.585356,39.044248,290.457705
-95.586317,39.044252,288.3072
-95.587249,39.044255,291.364
-95.588314,39.044259,284.8068
-95.58881,39.044261,282.1507536
-95.590602,39.044267,274.7224
-95.592263,39.044273,276.2344
-95.59337,39.044277,280.7547696
-95.593997,39.044279,285.0271699
-95.594882,39.044282,283.6896
-95.596187,39.044287,284.3915502
-95.596644,39.044289,286.3588
-95.597574,39.044284,288.2698547
-95.597972,39.044287,287.4332
-95.599041,39.044287,286.6052
-95.599155,39.044288,285.7736
-95.599354,39.044289,285.9758058
-95.599646,39.044299,286.3928758
-95.600227,39.0443,286
-95.600811,39.044298,289.4588131
-95.604037,39.044305,280.8027336
-95.604336,39.044311,281.4804
-95.604554,39.044318,281.8496
-95.605246,39.044318,285.7336749
-95.605517,39.044301,287.3104763
-95.605558,39.044299,287.5236
-95.608241,39.044296,292.1332
-95.608999,39.044295,292.1416
-95.609618,39.044295,289.0390576
-95.6112,39.044293,288.690736
-95.612288,39.044288,291.1104
-95.612555,39.044273,291.6898056
-95.613093,39.044272,292.514
-95.613356,39.044271,293.5591021
-95.613448,39.04428,294.3095552
-95.613534,39.044288,294.9729114
-95.613706,39.044304,295.8472
-95.614144,39.044305,295.5836
-95.614311,39.044307,294.7126981
-95.614489,39.044307,293.9912682
-95.614569,39.044301,294.0180925
-95.614816,39.044289,294
-95.616464,39.04429,282.3521152
-95.617125,39.04429,284.3614
-95.618108,39.044291,288.8257069
-95.618421,39.044291,290.0330749
-95.618574,39.044292,290.0845606
-95.619101,39.044291,287.4975747
-95.619553,39.044287,286.1791054
-95.620391,39.044274,290.3846966
-95.621,39.044262,290.86272
-95.621639,39.044259,290.6676
-95.621735,39.044259,290.9136
-95.621803,39.04426,291.1548
-95.62206,39.04426,291.943552
-95.622207,39.04424,292.2350656
-95.622667,39.044241,296.9103189
-95.622847,39.044259,297.7508
-95.623015,39.044275,297.146
-95.623421,39.044274,293.8977043
-95.623659,39.044254,291.8915949
-95.625768,39.044255,295.2352
-95.626347,39.044259,293.4832
-95.62653,39.044256,292.8136
-95.628035,39.044255,291.121064
-95.629185,39.044249,286.8696376
-95.630346,39.044252,280.8914483
-95.630898,39.044253,278.6216
-95.631512,39.044251,277.2144
-95.632034,39.044249,278.7240813
-95.632254,39.044249,278.9195082
-95.63273,39.044248,277.7072384
-95.632963,39.04425,276.2664
-95.633595,39.044247,274.0167736
-95.633644,39.044247,274.0841587
-95.634042,39.044245,275.1137616
-95.634389,39.044243,275.8902998
-95.634517,39.044243,275.9282222
-95.63502,39.044247,274.928
-95.635148,39.044247,274.4672
-95.635318,39.044245,273.8552
-95.635802,39.044245,272.7498096
-95.635866,39.044246,272.8655866
-95.636194,39.044252,274.2984
-95.636755,39.044262,276.318
-95.63737,39.044269,277.4007888
-95.638537,39.044273,279.7332
-95.639696,39.044273,282.9638637
-95.639832,39.044274,283.5479053
-95.640858,39.044273,287.7656
-95.641365,39.044274,288.3336304
-95.641539,39.044274,288.3864
-95.642291,39.044275,290.6472
-95.642317,39.044275,290.3664
-95.643066,39.044273,286.7656
-95.643136,39.044267,286.7224
-95.643269,39.044256,286.6432
-95.643683,39.044256,285.2531398
-95.64375,39.044264,284.7992
-95.643805,39.04427,284.410688
-95.643925,39.044287,283.717768
-95.644137,39.044288,283.8025005
-95.644308,39.04427,284.9683264
-95.644585,39.044277,286.6288
-95.644733,39.044283,287.4096
-95.644886,39.044304,285.8544
-95.645006,39.044327,284.472
-95.645135,39.044353,282.5172
-95.646178,39.044631,278.7592
-95.646677,39.04476,277.3041408
-95.646775,39.044785,277.75386
-95.647347,39.044932,279
-95.64805,39.045117,280.409624
-95.648721,39.045293,275.0660789
-95.649401,39.04547,272.308
-95.649578,39.045516,271.5931341
-95.650025,39.045635,271.662
-95.650675,39.045804,276.739616
-95.65128,39.04596,279.928256
-95.651367,39.045983,279.8145723
-95.652281,39.046221,272.688109
-95.652363,39.046243,272.7658286
-95.653367,39.046507,272.1212
-95.653454,39.04653,272.4344
-95.654453,39.046788,272.9557466
-95.654536,39.046811,272.4991398
-95.654635,39.046836,271.8958144
-95.655544,39.047073,274.501305
-95.655635,39.047097,274.1061288
-95.655715,39.047118,273.6921648
-95.656705,39.047377,272.6183064
-95.657801,39.047662,271.8545334
-95.658911,39.04795,275.030248
-95.659982,39.048227,276.3028109
-95.660119,39.048263,276.6816
-95.660265,39.048345,276.910068
-95.660474,39.048413,276.9157955
-95.660817,39.048509,277.5952149
-95.660903,39.048531,277.5331307
-95.660976,39.04855,277.379392
-95.661075,39.048575,277.1131
-95.66117,39.048482,276.6745376
-95.661249,39.048402,276.3808899
-95.661323,39.04827,276.1290368
-95.661441,39.048081,276.1532317
-95.661662,39.04781,275.2152
-95.661755,39.047654,274.8582992
-95.662532,39.04698,276.1315456
-95.663266,39.046345,272.7291024
-95.663748,39.045927,272.6761722
-95.664207,39.045531,273.8992357
-95.664563,39.045213,274.1464
-95.664806,39.045035,273
-95.664966,39.044856,273.5818522
-95.665042,39.044762,273.5977037
-95.665113,39.044663,273.0599298
-95.665224,39.044469,272.2107142
-95.665279,39.044369,272.2672
-95.665287,39.044344,272.3284
-95.665334,39.04421,272.6416
-95.66536,39.044134,272.704
-95.665404,39.044008,272.5456
-95.665517,39.043693,272.7461182
-95.665639,39.043339,276.8277437
-95.66571,39.043165,278.475192
-95.665756,39.043078,278.9325158
-95.665805,39.043001,279.0400656
-95.665861,39.042918,279.0019123
-95.665922,39.042748,278.5372365
-95.666686,39.042132,274.8834061
-95.666811,39.042021,274.3371982
-95.666958,39.041892,273.9419866
-95.667088,39.041728,273.0805094
-95.667193,39.041597,272.2104
-95.667277,39.041456,271.4560435
-95.667346,39.041333,271.0874906
-95.667395,39.041223,271.1826832
-95.667709,39.040439,273.5462141
-95.667751,39.040333,274.4419286
-95.667777,39.040271,275.0976
-95.667983,39.039745,282.2916
-95.668692,39.037953,274.603111
-95.668922,39.037303,273.4708
-95.66896,39.037148,273.488
-95.669047,39.03693,272.8391984
-95.669065,39.0369,272.67344
-95.669128,39.036784,272.1979981
-95.669305,39.036817,271.004
-95.66938,39.036829,270.464
-95.669616,39.036862,269.1314074
-95.669824,39.036879,268.4712
-95.670122,39.03692,269.4936
-95.670229,39.036937,270.5268
-95.670505,39.036979,273.3522408
-95.670578,39.036985,274.0156
-95.670652,39.036991,274.5268
-95.670741,39.036995,275.1532
-95.67086,39.037042,275.8122304
-95.671267,39.037124,278.5703597
-95.671417,39.037146,279.4512
-95.671887,39.037253,278.2798866
-95.672948,39.037516,278.4976
-95.67338,39.037633,280.2979616
-95.673454,39.037653,280.5279325
-95.674316,39.037895,279
-95.675036,39.0381,277
-95.675183,39.038138,277
-95.675887,39.038337,273.6029502