-106.337497,42.86721,1621.955525
-106.337432,42.867545,1622.229658
-106.337924,42.867587,1622.550537
-106.339239,42.867731,1616.304251
-106.339412,42.86775,1616.97152
-106.339243,42.868661,1614.9156
-106.339155,42.869234,1612.978362
-106.33915,42.869264,1612.982048
-106.33914,42.869328,1613.015514
-106.34019,42.869172,1617
-106.341009,42.869016,1614.2776
-106.341677,42.868848,1612.1472
-106.342085,42.868717,1613.317687
-106.342615,42.8685,1618.428
-106.343381,42.868235,1616.646
-106.343736,42.8681,1616.231936
-106.34393,42.868026,1616.158106
-106.343975,42.868008,1616.342656
-106.344962,42.867587,1620.906046
-106.345671,42.86728,1618.54969
-106.346033,42.867131,1616.620238
-106.34639,42.866992,1615.167885
-106.346596,42.866923,1614.31196
-106.346948,42.866809,1615.013117
-106.347307,42.866697,1615.556928
-106.34757,42.866626,1616.252
-106.347899,42.866542,1616.804144
-106.348233,42.866464,1616.563737
-106.348454,42.866426,1616.548072
-106.349985,42.86623,1613.894664
-106.35208,42.865979,1615.000186
-106.35392,42.865736,1616.20489
-106.35467,42.865637,1616.573922
-106.358232,42.86516,1618.424
-106.361864,42.864689,1611.915036
-106.365912,42.864171,1618.973218
-106.367433,42.863967,1616.203476
-106.375467,42.862893,1603.787924
-106.376808,42.862775,1595.004912
-106.377924,42.86272,1590.266509
-106.381347,42.862697,1576.268547
-106.382934,42.862689,1573.359486
-106.39465,42.862602,1582.6272
-106.395294,42.862563,1585.0584
-106.39612,42.8625,1586
-106.396946,42.862359,1587.5284
-106.397644,42.862217,1589.472546
-106.397695,42.862209,1589.283815
-106.398112,42.86214,1588.439053
-106.398859,42.861955,1591.858489
-106.399254,42.861794,1591.401479
-106.399583,42.861618,1593.40901
-106.400052,42.861238,1593.9136
-106.400479,42.860721,1594.560253
-106.401859,42.859422,1599.863254
-106.40288,42.858441,1605.4916
-106.403954,42.857344,1612.804439
-106.404746,42.856587,1624.76275
-106.405543,42.856123,1625.747535
-106.40647,42.855631,1622.368107
-106.407352,42.855269,1627.1896
-106.40841,42.854868,1628.516045
-106.409863,42.854347,1628.563971
-106.411514,42.853708,1633.3949
-106.412498,42.853188,1638.007534
-106.413736,42.852425,1631.211792
-106.414675,42.851645,1627.432
-106.415348,42.851028,1626.0928
-106.415959,42.850288,1620.2272
-106.416721,42.849261,1615.014826
-106.418662,42.846708,1602.668
-106.419645,42.845606,1604.5672
-106.420381,42.845001,1597.250938
-106.4212,42.844458,1597.033184
-106.422066,42.843983,1593.414141
-106.42271,42.843666,1593.149386
-106.423892,42.843219,1588
-106.425029,42.842908,1593.951057
-106.426821,42.842569,1591.889611
-106.429821,42.842129,1591.428139
-106.431245,42.841917,1590.482
-106.432044,42.841869,1591.738941
-106.433356,42.841885,1588.9184
-106.437146,42.841941,1592.679403
-106.43817,42.841853,1599.824
-106.439369,42.841645,1603
-106.440505,42.841318,1602.046446
-106.441345,42.840974,1600.065189
-106.442144,42.840558,1602.988722
-106.445854,42.838719,1599.822303
-106.447081,42.838007,1596.069932
-106.447758,42.837463,1593.1332
-106.44828,42.83692,1594.28
-106.44854,42.836619,1595.78793
-106.448757,42.836304,1596.2196
-106.449174,42.83556,1599.046778
-106.449653,42.834432,1604.372436
-106.45032,42.833049,1610.848
-106.450677,42.832497,1609.547278
-106.4513,42.831646,1605.0744
-106.451695,42.831105,1605.876
-106.451986,42.830684,1602.78645
-106.452235,42.830258,1603.003275
-106.452394,42.829917,1603.732422
-106.452534,42.829576,1604.180369
-106.452671,42.829152,1605.6156
-106.452781,42.828712,1606.0232
-106.452836,42.828306,1606.188975
-106.452851,42.827894,1606.42829
-106.452854,42.827111,1606.126
-106.452865,42.821399,1619.628
-106.452857,42.817487,1633.5232
-106.452869,42.816895,1634.1652
-106.45294,42.816304,1634.216141
-106.453121,42.815622,1639.883689
-106.453198,42.815406,1641.313508
-106.45322,42.815343,1641.669402
-106.453269,42.815205,1642
-106.45339,42.814945,1641.230392
-106.453561,42.81464,1639.846003
-106.454068,42.813817,1645.381526
-106.454731,42.813049,1641.921946
-106.455675,42.811993,1642.059272
-106.45725,42.810154,1631.40776
-106.458106,42.809099,1611.712162
-106.458482,42.808419,1605.176256
-106.458834,42.807291,1593.1
-106.459137,42.806404,1578.32059
-106.459272,42.80595,1572.200064
-106.459585,42.8049,1572.72
-106.459897,42.803957,1574.1256
-106.460057,42.803341,1577.994336
-106.460097,42.802733,1576
-106.460513,42.797759,1607.750844
-106.460614,42.79543,1614.796998
-106.460691,42.794508,1618.370363
-106.460734,42.793988,1623.031217
-106.461129,42.789906,1644.7412
-106.461449,42.785484,1662.6904
-106.461465,42.784612,1666.274
-106.461329,42.784005,1665.076921
-106.461041,42.783333,1663.747903
-106.460633,42.782765,1665.357975
-106.460121,42.782309,1664.047519
-106.459845,42.782096,1663.097245
-106.459521,42.781903,1662.31672
-106.459485,42.781885,1662.177244
-106.458581,42.781441,1659.7832
-106.458446,42.781377,1658.733681
-106.45783,42.781082,1653.565898
-106.457339,42.780752,1653.303307
-106.457137,42.780573,1653.2608
-106.457005,42.780423,1654.136741
-106.456904,42.780265,1655.794102
-106.456817,42.78006,1656.290701
-106.456779,42.779887,1655.64189
-106.456758,42.779683,1654.752373
-106.456768,42.77959,1655.031955
-106.456776,42.779509,1655.252673
-106.456835,42.779277,1656.2088
-106.456936,42.779083,1656.9696
-106.457146,42.778678,1658.659524
-106.457644,42.778125,1660.398
-106.45805,42.777653,1665.418184
-106.45812,42.777572,1666.144666
-106.458905,42.776689,1666.1384
-106.459117,42.776439,1667.787344
-106.46099,42.774228,1668.085069
-106.462193,42.772853,1665.287112
-106.463483,42.771596,1665.785329
-106.463572,42.771508,1664.790825
-106.464498,42.770702,1663.167868
-106.465642,42.76985,1655.7664
-106.467793,42.768478,1664.7788
-106.469742,42.767364,1679.1424
-106.470889,42.766829,1679.579114
-106.471277,42.766649,1680.492018
-106.47508,42.765298,1683.614733
-106.476579,42.76488,1668.179261
-106.478722,42.764452,1658.492
-106.480495,42.764186,1651.3664
-106.482492,42.763982,1645.6936
-106.483839,42.763886,1642.001868
-106.485547,42.763892,1640.019255
-106.486513,42.76389,1635.546987
-106.487946,42.763935,1631.166
-106.48955,42.764132,1626.1248
-106.491591,42.764229,1620.871347
-106.493134,42.76423,1617.544
-106.494296,42.764172,1617.408
-106.495106,42.764116,1620.080812
-106.495769,42.764027,1619.889152
-106.496651,42.763922,1621.655523
-106.497513,42.763728,1624.104187
-106.498549,42.76351,1623.08139
-106.498675,42.763476,1623.118128
-106.499441,42.763277,1625.192915
-106.499851,42.763172,1624.386459
-106.501176,42.762831,1626.2336
-106.502967,42.762137,1615.472192
-106.505124,42.761176,1614.596521
-106.507098,42.760215,1604.3464
-106.509437,42.759144,1601.239226
-106.510781,42.758409,1599.84504
-106.511668,42.75786,1600.409421
-106.513256,42.756702,1605.661175
-106.514919,42.755221,1610.6052
-106.516089,42.753882,1616.081574
-106.517838,42.751794,1614
-106.5189,42.750463,1596.159456
-106.5214,42.747409,1597.548304
-106.521925,42.746831,1592.716988
-106.524039,42.744231,1595.4596
-106.525243,42.74272,1595.891158
-106.52774,42.73938,1595.912448
-106.528138,42.7389,1592.121472
-106.52877,42.73814,1594.428
-106.52913,42.73769,1593.173712
-106.52942,42.73736,1591.227648
-106.52976,42.73694,1590.626176
-106.52997,42.73665,1591.336
-106.53015,42.73638,1592.524
-106.53036,42.73609,1593.757504
-106.53048,42.73589,1593.488512
-106.53064,42.73568,1593.496
-106.530752,42.735493,1594.2612
-106.53102,42.73505,1595.35504
-106.53121,42.73469,1594.644
-106.53132,42.73452,1594.248
-106.53143,42.73429,1593.852
-106.53169,42.73379,1595.280192
-106.53182,42.7335,1596.9232
-106.53194,42.73326,1596.851776
-106.53207,42.73293,1598.591392
-106.53224,42.73252,1597.681216
-106.53244,42.73199,1593.251424
-106.53288,42.73056,1590.226112
-106.53299,42.73011,1592.648368
-106.53308,42.72958,1591.359168
-106.53315,42.72927,1591.41448
-106.533171,42.729097,1592.734168
-106.53328,42.72824,1598.904
-106.53331,42.72774,1600.306848
-106.53333,42.72708,1596.072
-106.53333,42.72681,1597.990576
-106.53334,42.72649,1601.169472
-106.53333,42.72612,1599.108
-106.53334,42.72547,1597.829824
-106.53334,42.72467,1595.716
-106.533344,42.724573,1595.3092
-106.53336,42.72428,1593.488832
-106.5334,42.72399,1593.552
-106.5335,42.72357,1593.8216
-106.53364,42.72322,1596.904704
-106.53384,42.7228,1600.752
-106.53396,42.72258,1602.627456
-106.53417,42.72228,1602.890496
-106.53483,42.72148,1603.002528
-106.53543,42.72078,1599.536
-106.53572,42.72042,1602.775104
-106.53606,42.72004,1601.843008
-106.536902,42.719048,1599.596152
-106.53714,42.71877,1598.065312
-106.5375,42.71834,1596
-106.53776,42.71806,1597.002048
-106.53807,42.71769,1595.964432
-106.538358,42.717313,1593.5844
-106.538823,42.716793,1593.603721
-106.539459,42.715928,1592.982142
-106.540389,42.71522,1588.682883
-106.541425,42.714498,1592.509464
-106.543157,42.713513,1598.3652
-106.545527,42.712654,1596.954192
-106.549793,42.711212,1593
-106.553209,42.710057,1598.401848
-106.557883,42.708568,1603.05879
-106.558987,42.708196,1604
-106.560042,42.707792,1602.0512
-106.56109,42.707301,1600.7924
-106.561948,42.706804,1600.985457
-106.562949,42.706138,1602.536468
-106.563659,42.705587,1599.4288
-106.564324,42.704972,1596.942907
-106.56965,42.698539,1602.067096
-106.571844,42.695876,1608.164342
-106.572263,42.695353,1604.937447
-106.58088,42.68468,1620.832
-106.584828,42.679901,1631.5704
-106.588563,42.675316,1635.286968
-106.591845,42.671287,1629
-106.594012,42.668684,1623.326904
-106.596964,42.664604,1625.5664
-106.598168,42.663164,1632.753234
-106.599561,42.661402,1632.133405
-106.614233,42.643467,1619.7612
-106.61664,42.640996,1616.529382
-106.617575,42.639827,1611.101844
-106.618443,42.638868,1602.500311
-106.618689,42.638566,1600.884463
-106.619248,42.637877,1611.2784
-106.619859,42.637068,1614.82858
-106.620022,42.636879,1616.2356
-106.620657,42.636109,1619.6348
-106.621472,42.634972,1621.269041
-106.621634,42.634761,1621.123183
-106.623284,42.63261,1629.88887
-106.6257,42.629634,1641.6824
-106.627182,42.62779,1639.125629
-106.628148,42.626621,1642.557512
-106.628972,42.625568,1640.344
-106.629596,42.624838,1642.1288
-106.634543,42.618741,1642.022991
-106.637251,42.615405,1635.447102
-106.638154,42.614288,1635.519996
-106.638749,42.613566,1630.909015
-106.639371,42.612812,1635.1592
-106.639581,42.612539,1636.2276
-106.639838,42.612243,1638.236023
-106.640155,42.611911,1638.268383
-106.640509,42.61156,1636.103242
-106.640782,42.611307,1634.020321
-106.641104,42.611043,1633
-106.64141,42.610794,1632.2832
-106.641828,42.610478,1633.4192
-106.642644,42.609926,1630.128298
-106.643742,42.609186,1634.963196
-106.648504,42.605914,1633.2904
-106.649308,42.605362,1636.6968
-106.649326,42.60535,1636.74
-106.650127,42.604814,1634.020236
-106.651119,42.604117,1631.5856
-106.652297,42.603315,1632.682567
-106.653735,42.602324,1631
-106.65487,42.601539,1627.0724
-106.654986,42.60146,1627.2056
-106.656063,42.600735,1627.938687
-106.656211,42.600634,1628
-106.657466,42.599779,1626.943019
-106.659014,42.598711,1624.6404
-106.65999,42.598047,1625.029691
-106.660489,42.597708,1628.2628
-106.661825,42.596794,1629.831288
-106.662632,42.596251,1633
-106.663125,42.595903,1633.9992
-106.663493,42.595659,1636.469256
-106.663949,42.595394,1635.327858
-106.664367,42.595149,1634.483897
-106.664536,42.595057,1634.862434
-106.664783,42.594924,1634.885336
-106.66522,42.594701,1633.9236
-106.665891,42.594381,1631.7716
-106.666422,42.59413,1632.002934
-106.666929,42.593913,1633
-106.667524,42.593674,1630.14
-106.66938,42.593017,1629.967798
-106.671177,42.592377,1633.105032
-106.674648,42.591159,1637.031535
-106.678199,42.589903,1640.986873
-106.67855,42.589779,1639.6288
-106.680868,42.588963,1637.3916
-106.68181,42.588643,1639.8852
-106.682279,42.588487,1640.4468
-106.682904,42.588313,1640.652062
-106.683475,42.588157,1641.2696
-106.684076,42.588007,1640.733055
-106.68546,42.587675,1645.61272
-106.688087,42.587033,1650.6812
-106.691542,42.5862,1655.1912
-106.69243,42.585969,1661.876923
-106.693098,42.585772,1661.4416
-106.693642,42.5856,1661.875584
-106.694302,42.585369,1663
-106.695024,42.585098,1666
-106.695793,42.584778,1666.116044
-106.696311,42.584537,1666
-106.697092,42.58417,1667.994374
-106.69751,42.583945,1667.978544
-106.697963,42.583686,1665.5392
-106.698409,42.583431,1664.174976
-106.698757,42.583214,1661.6156
-106.699149,42.582955,1659.017554
-106.699629,42.582628,1662.509756
-106.700074,42.582314,1661.242381
-106.700946,42.581654,1660.881695
-106.701541,42.581198,1660.8604
-106.70248,42.580475,1660.638
-106.703492,42.5797,1658.297792
-106.704811,42.578685,1652.275786
-106.705225,42.578375,1650.717
-106.705505,42.578155,1650.590312
-106.706271,42.577559,1653.697857
-106.707269,42.576787,1651.5668
-106.708226,42.576023,1655.610732
-106.70907,42.575385,1657.503344
-106.709474,42.57508,1656.6824
-106.710036,42.574647,1659.695513
-106.710867,42.574008,1659.982741
-106.711674,42.573379,1654.33314
-106.711971,42.57313,1652.491642
-106.712167,42.572959,1650.434497
-106.712405,42.572734,1649.8156
-106.712623,42.572518,1650.521093
-106.712813,42.572295,1649.7464
-106.712991,42.572069,1648.4648
-106.713179,42.571807,1648.274911
-106.71336,42.571536,1646.957517
-106.713518,42.571264,1645.5504
-106.714068,42.570276,1639.936673
-106.714229,42.569994,1642.122
-106.714404,42.569703,1645.084551
-106.714606,42.569401,1646.597913
-106.714813,42.569099,1643.507566
-106.714982,42.568876,1639.626013
-106.715152,42.568657,1638.66399
-106.715285,42.5685,1637.9352
-106.715517,42.568231,1638.124602
-106.715735,42.567978,1637.11771
-106.716182,42.567481,1632.356144
-106.716586,42.567082,1631.2048
-106.716851,42.56683,1631.6636
-106.717611,42.566158,1630.238148
-106.717994,42.565846,1628.7392
-106.718086,42.565768,1629.193422
-106.718136,42.565726,1629.467299
-106.718666,42.565321,1630.383947
-106.719073,42.56502,1630.782522
-106.719725,42.564539,1635.421388
-106.720028,42.56432,1637.954675
-106.720382,42.564058,1639.055956
-106.721526,42.563226,1639.4416
-106.721882,42.562962,1638.952513
-106.722297,42.56265,1638.494568
-106.722575,42.562456,1637.884368
-106.722851,42.562268,1638.2636
-106.723302,42.561992,1638.906511
-106.723594,42.561822,1638.034447
-106.723841,42.561689,1638
-106.72424,42.56149,1636.628
-106.724656,42.561301,1637.8904
-106.724985,42.561159,1639.07371
-106.725315,42.561027,1639.174575
-106.725674,42.560884,1641.244
-106.725907,42.560801,1642.203461
-106.72617,42.560714,1642.1408
-106.72646,42.560613,1641.360659
-106.726827,42.56051,1641
-106.727262,42.560399,1642.725015
-106.727764,42.560291,1646.667522
-106.72815,42.560226,1646.432448
-106.728761,42.560125,1645.79282
-106.729325,42.560046,1647.57
-106.729807,42.559999,1650.612901
-106.730352,42.559965,1653.300867
-106.730843,42.559951,1654.3528
-106.731492,42.559959,1655.982811
-106.732055,42.559985,1659.376508
-106.732581,42.560022,1659.268505
-106.733375,42.560089,1660
-106.737033,42.56048,1672.728
-106.73772,42.560554,1673.998835
-106.738216,42.560605,1678.080013
-106.738535,42.560641,1680.228682
-106.747145,42.561565,1694.908
-106.750342,42.561899,1703.54
-106.751839,42.562055,1704.993881
-106.752504,42.562112,1707.799314
-106.753113,42.562158,1706.670188
-106.753821,42.562201,1705.869344
-106.754932,42.562259,1715.577977
-106.756426,42.562318,1717.264335
-106.758668,42.562403,1723.964968
-106.76068,42.562485,1729.063616
-106.760894,42.562494,1730.470565
-106.762371,42.562541,1734.2404
-106.764062,42.562596,1744.339822
-106.765738,42.562656,1748.823141
-106.76691,42.562683,1754.817909
-106.76804,42.562711,1760.3688
-106.768568,42.562709,1766.5248
-106.769075,42.562699,1768.660788
-106.769582,42.562671,1769.075865
-106.770035,42.562632,1770.5744
-106.77058,42.562571,1770.4888
-106.771087,42.562502,1771.8988
-106.771602,42.562411,1775.570189
-106.772058,42.562324,1778.783384
-106.772554,42.562211,1778.226946
-106.773096,42.562067,1780.327439
-106.773608,42.561925,1783.059584
-106.774139,42.561751,1782.4032
-106.774635,42.561573,1780.905719
-106.775054,42.561405,1783.0204
-106.775609,42.561166,1784.648018
-106.77607,42.560947,1784.5908
-106.7764,42.560783,1784.315152
-106.776784,42.560575,1783.537168
-106.777146,42.560366,1784.3648
-106.777484,42.560157,1786.402244
-106.777851,42.559913,1785.39024
-106.778127,42.559724,1783.004754
-106.778479,42.559459,1782.126121
-106.778937,42.559115,1784.314185
-106.779926,42.558365,1783.31163
-106.781833,42.556913,1782.2592
-106.782407,42.556476,1782.2712
-106.78282,42.556172,1782.556518
-106.783225,42.555899,1783.3856
-106.78362,42.555658,1785.813402
-106.784043,42.555421,1787.15811
-106.784438,42.555226,1786.421924
-106.784854,42.555042,1787.056271
-106.785363,42.554834,1791.637456
-106.785811,42.554676,1792.020579
-106.786264,42.55453,1795.648077
-106.786777,42.554392,1798.111391
-106.78727,42.554279,1797.454757
-106.787788,42.55418,1800.267366
-106.788292,42.554099,1801.232952
-106.788802,42.554038,1803.572178
-106.789456,42.553979,1807.340505
-106.790489,42.553896,1810.843334
-106.792393,42.553738,1812.0864
-106.795944,42.553447,1804.8076
-106.798042,42.553271,1809.288951
-106.801328,42.553005,1803.194906
-106.803548,42.552823,1817.485412
-106.805751,42.552635,1827.3512
-106.80927,42.552345,1833.113152
-106.811716,42.552141,1845.81433
-106.813084,42.552034,1856.7144
-106.814082,42.551963,1856.9248
-106.814645,42.551938,1858.54285
-106.815283,42.55192,1860.443709
-106.816072,42.551912,1864.749955
-106.816667,42.551922,1869.7576
-106.817306,42.551946,1869.322311
-106.817869,42.551981,1870.088383
-106.818456,42.552031,1871.405205
-106.81906,42.552094,1873.5384
-106.819553,42.552157,1870.89184
-106.820074,42.55223,1869.474659
-106.821023,42.552382,1869.0912
-106.822705,42.552641,1882.262
-106.825985,42.553173,1898.283951
-106.832546,42.554246,1913.4512
-106.833302,42.554372,1915.231382
-106.833812,42.554461,1916.680097
-106.834565,42.554619,1919.095526
-106.834777,42.554664,1919.3712
-106.835512,42.554844,1922.3152
-106.836194,42.55503,1922.5144
-106.836687,42.55517,1924.325602
-106.837226,42.55534,1929.472154
-106.837827,42.555567,1932.864
-106.838584,42.55586,1932.20297
-106.840402,42.556527,1933.997496
-106.841622,42.556984,1935
-106.842309,42.557229,1935.0488
-106.842878,42.557415,1935.0272
-106.843487,42.557602,1934.7344
-106.844154,42.557786,1935.0592
-106.844779,42.557934,1937.536891
-106.845359,42.558063,1935.9464
-106.846,42.558191,1934.20496
-106.846555,42.558292,1930.804
-106.847255,42.558395,1930.562
-106.847837,42.558468,1932.381441
-106.848446,42.558527,1929.077184
-106.849197,42.558586,1929.008928
-106.850637,42.558705,1929.238898
-106.853617,42.558948,1925.344911
-106.855809,42.559134,1919.1176
-106.858579,42.559365,1915.368538
-106.861653,42.559623,1914.660374
-106.864553,42.559865,1918.094729
-106.870885,42.560427,1918.839519
-106.874435,42.560676,1921.951258
-106.875602,42.560758,1923.104
-106.893815,42.561778,1907.266
-106.898416,42.562002,1899.466463
-106.901587,42.562172,1893.415747
-106.906216,42.562405,1880.684
-106.909306,42.562567,1878.361414
-106.912128,42.562709,1880.249586
-106.915947,42.562915,1881.494
-106.91871,42.563057,1880.3612
-106.923221,42.563278,1876.4044
-106.926644,42.563448,1870.4944
-106.930168,42.56363,1866.3272
-106.934723,42.563871,1851.1232
-106.938089,42.564038,1841.694569
-106.940283,42.564154,1839.982057
-106.941919,42.564237,1839.976807
-106.9441,42.56435,1836.9
-106.947232,42.564502,1834
-106.949813,42.56464,1839
-106.95238,42.564765,1837.066528
-106.955563,42.564929,1830.9732
-106.958854,42.565097,1825.6508
-106.9621,42.56526,1820.27616
-106.965549,42.565432,1815.0236
-106.973872,42.565853,1808.0608
-106.979481,42.566134,1808.203156
-106.983142,42.566317,1806
-106.986916,42.566511,1807.8976
-106.990644,42.566697,1807.143969
-106.993695,42.566861,1805.604
-106.99487,42.566913,1805.5812
-106.995677,42.566932,1803.025213
-106.99642,42.56694,1803.112
-106.99705,42.566946,1802.9944
-106.998244,42.566934,1801
-106.999062,42.566913,1801.334146
-106.999869,42.566879,1799.639509
-107.000427,42.566847,1800.34875
-107.001956,42.566745,1803.0416
-107.003375,42.566599,1803.96346
-107.004284,42.566498,1804.165919
-107.005483,42.566326,1805.285536
-107.006484,42.566162,1804.6576
-107.007945,42.565893,1803
-107.009233,42.565623,1804.819181
-107.011542,42.565127,1802.700809
-107.012608,42.564895,1803
-107.013433,42.564716,1802.626837
-107.014715,42.564435,1801.940884
-107.016,42.564159,1801.98896
-107.017188,42.563896,1803.022446
-107.018629,42.56359,1802.016494
-107.020214,42.563246,1799.2296
-107.021423,42.562985,1800.523191
-107.023719,42.562476,1797.860758
-107.025854,42.562011,1797.538626
-107.028413,42.561456,1796.2416
-107.044538,42.557953,1794.124347
-107.046145,42.557615,1793.536
-107.048087,42.557194,1794.203299
-107.049994,42.556773,1793
-107.051957,42.556352,1793.0452
-107.05391,42.555931,1796.599122
-107.056823,42.555299,1795.9236
-107.060031,42.554612,1795.352517
-107.064019,42.553734,1802.32242
-107.068858,42.552704,1809.541535
-107.073434,42.551708,1806.2976
-107.078004,42.550708,1809.916257
-107.078092,42.550689,1810.068172
-107.08192,42.549859,1815
-107.082816,42.549661,1815
-107.083589,42.549471,1815.08799
-107.084308,42.549278,1814.695127
-107.085,42.549068,1814.2896
-107.085799,42.548792,1815.833288
-107.086512,42.548523,1814.9348
-107.087156,42.548254,1814.075113
-107.087864,42.547946,1813.2112
-107.088476,42.54765,1812.289856
-107.088991,42.547385,1814.671973
-107.089436,42.54714,1816.991002
-107.08993,42.546851,1817.663227
-107.090477,42.546507,1817.545447
-107.091077,42.546112,1814.8836
-107.09163,42.545705,1816.944
-107.092322,42.54519,1816.684
-107.095696,42.542323,1814.684968
-107.101675,42.537208,1803.0812
-107.103252,42.53586,1810.808
-107.105359,42.534069,1818.6484
-107.109392,42.53065,1818
-107.110661,42.529569,1811.0688
-107.11121,42.529082,1810.644
-107.112269,42.528185,1809.978074
-107.113066,42.527515,1810.96443
-107.116011,42.524985,1809.6396
-107.119103,42.522354,1813.634332
-107.120848,42.520857,1811.9472
-107.122564,42.519398,1811.896
-107.124112,42.518024,1811.8864
-107.124657,42.517544,1811.356008
-107.125091,42.517123,1808.432219
-107.125488,42.516722,1809.5576
-107.125818,42.516383,1808.97763
-107.126539,42.515638,1809.2436
-107.126931,42.515213,1809.729687
-107.127451,42.5146,1808.098784
-107.128023,42.513894,1808.997844
-107.128645,42.513094,1810.772885
-107.129141,42.512408,1809.3312
-107.129726,42.511518,1810.993679
-107.130134,42.510877,1808.750633
-107.130539,42.510179,1808.9404
-107.130989,42.509377,1809.5604
-107.131569,42.508206,1809.4584
-107.131979,42.507306,1807.3016
-107.132277,42.50664,1806.725731
-107.135275,42.499959,1801
-107.135734,42.498994,1799.9792
-107.136857,42.496343,1798.1496
-107.137753,42.494358,1797
-107.13843,42.492859,1799.101755
-107.139628,42.490237,1795.563795
-107.139687,42.490098,1795.308065
-107.139807,42.489818,1796.3104
-107.140332,42.48868,1797.14679
-107.141111,42.4869,1797
-107.141962,42.485235,1801.235067
-107.142645,42.484112,1803.1968
-107.143059,42.483432,1802.0124
-107.143555,42.482698,1805
-107.144211,42.481809,1807.4876
-107.145363,42.480371,1810.592324
-107.146021,42.479645,1811
-107.146679,42.478909,1814.842015
-107.147716,42.477859,1816.3452
-107.14899,42.476728,1819.4152
-107.149551,42.476256,1818.894714
-107.150675,42.475351,1818.886652
-107.152045,42.474355,1821.549128
-107.152622,42.473945,1822.806318
-107.153202,42.47356,1820.6568
-107.154132,42.472987,1823.2468
-107.157042,42.47136,1825.685325
-107.166118,42.466266,1827.986172
-107.171612,42.463194,1828.295515
-107.180347,42.458322,1831.9592
-107.185605,42.455334,1834.737173
-107.186838,42.454548,1839.111543
-107.188024,42.453645,1840.013859
-107.188877,42.452907,1842.022889
-107.189445,42.452314,1843.670939
-107.190137,42.45153,1845.249346
-107.190821,42.450767,1841.816203
-107.19562,42.445251,1838.05167
-107.196708,42.444004,1833.4368
-107.197933,42.442663,1835.4412
-107.198422,42.442218,1834.7264
-107.199424,42.441296,1838.024612
-107.200589,42.440426,1838.530645
-107.201809,42.439653,1837.2384
-107.204251,42.438394,1832.759294
-107.205754,42.437792,1832.7656
-107.206196,42.437628,1831.9216
-107.206689,42.437462,1832.1368
-107.20735,42.43727,1831.15912
-107.209166,42.436816,1833.45871
-107.213334,42.435759,1853.0024
-107.219018,42.434394,1852.7168
-107.22711,42.432352,1831.897702
-107.227499,42.432254,1831.000412
-107.235344,42.430315,1835.206454
-107.242168,42.428612,1836
-107.245901,42.427697,1837.9528
-107.250284,42.426613,1841.617928
-107.258062,42.424664,1856.4192
-107.267895,42.422217,1865.578
-107.27871,42.419516,1859.165894
-107.287175,42.417421,1849.406052
-107.292383,42.416112,1852.418
-107.296246,42.415152,1852.26572
-107.300447,42.414107,1859.306856
-107.305682,42.412803,1868.132132
-107.308504,42.412103,1872.1852
-107.309931,42.411738,1873
-107.317221,42.409952,1880
-107.324007,42.408268,1882.460386
-107.329661,42.406862,1881.2968
-107.351615,42.401393,1878.982447
-107.360357,42.399201,1872.338299
-107.362669,42.398603,1875.0292
-107.366145,42.39774,1875
-107.367051,42.397502,1873.6092
-107.368746,42.397066,1875.212499
-107.375393,42.39543,1876.4148
-107.382104,42.39375,1880.2872
-107.389822,42.391881,1874.505559
-107.392895,42.391165,1877.918132
-107.394297,42.390803,1874.527163
-107.394952,42.390597,1876.7016
-107.395799,42.390291,1876.041717
-107.396384,42.390006,1875.0216
-107.397339,42.389483,1878.339952
-107.412416,42.380944,1883.419676
-107.41421,42.379875,1885.2238
-107.416082,42.378836,1883.2952
-107.418035,42.377719,1887
-107.422873,42.374957,1888.444535
-107.426355,42.372979,1892.5512
-107.427959,42.372048,1894.036385
-107.435995,42.367502,1901.582
-107.440164,42.365108,1905.229548
-107.443425,42.363151,1907.886612
-107.443599,42.363047,1908.091057
-107.443937,42.362801,1910.81832
-107.444108,42.362941,1909.361301
-107.44428,42.363081,1907.854173
-107.444446,42.363253,1907.2892
-107.445074,42.364002,1904.761278
-107.445568,42.36465,1897.711904
-107.445894,42.365046,1896.1656
-107.446429,42.36573,1897.053717
-107.450237,42.370538,1916.0632
-107.450903,42.371259,1922.299348
-107.451516,42.371833,1923.8588
-107.452083,42.372353,1926.232435
-107.454545,42.374509,1928.872271
-107.457973,42.377501,1928.40307
-107.458792,42.378248,1931.278449
-107.45918,42.378702,1933.609094
-107.459588,42.37924,1930.102835
-107.459931,42.379795,1928.183319
-107.460585,42.381024,1929
-107.461701,42.38306,1928.001978
-107.46316,42.385783,1930.8188
-107.463713,42.386785,1934
-107.464555,42.388291,1937.1524
-107.464968,42.388885,1937
-107.465397,42.389384,1938.553406
-107.466073,42.390046,1938.55432
-107.466749,42.390581,1934.5747
-107.467827,42.391361,1935.159409
-107.470847,42.3936,1948.921968
-107.472975,42.39517,1955.612
-107.473953,42.39581,1956.187387
-107.474844,42.396286,1955.515967
-107.47758,42.39772,1948.852096
-107.482418,42.400231,1943.922912
-107.485868,42.40201,1951.432653
-107.489875,42.404082,1962.10804
-107.49128,42.404811,1960.9688
-107.492012,42.405203,1961.177731
-107.493016,42.405846,1964.987907
-107.493768,42.406435,1969.528957
-107.49444,42.407136,1973.3632
-107.494954,42.407662,1975.8344
-107.495326,42.408029,1977.1736
-107.497113,42.409892,1980.7776
-107.500615,42.413516,1971.544074
-107.502214,42.415188,1966.4128
-107.503233,42.41623,1962.614181
-107.50428,42.417274,1959.259149
-107.505725,42.418538,1951.5168
-107.506517,42.419203,1947.938325
-107.512131,42.424022,1944.5208
-107.517953,42.429072,1937.415823
-107.521744,42.432293,1942.207464
-107.523867,42.434139,1941.829448
-107.524121,42.434372,1941.139276
-107.526108,42.436197,1938.362663
-107.529417,42.439052,1924.471169
-107.53029,42.439831,1929.044
-107.532434,42.441636,1919.5688
-107.534372,42.443288,1915.283837
-107.538475,42.446804,1915.5056
-107.542045,42.44987,1911.468
-107.542132,42.449925,1911.27
-107.543009,42.450485,1910.62097
-107.543997,42.451029,1910.208648
-107.544865,42.451394,1912.514
-107.546534,42.451903,1917.257142
-107.556193,42.45485,1893.778384
-107.57819,42.461498,1881.797315
-107.583669,42.463193,1883.808484
-107.583761,42.463221,1884.353414
-107.585145,42.463637,1886.478
-107.588943,42.464776,1883.576287
-107.591679,42.465619,1885.0864
-107.592302,42.465801,1884.38263
-107.592763,42.465975,1882.98
-107.593176,42.466149,1883.5944
-107.593444,42.466284,1884.552
-107.593863,42.466521,1884.048726
-107.594952,42.467261,1879.975877
-107.596244,42.468128,1881.945533
-107.597746,42.469141,1889.1628
-107.598809,42.469845,1889.232
-107.599141,42.470059,1887.250774
-107.599452,42.470249,1885.3108
-107.599763,42.470423,1883.877653
-107.60016,42.470653,1882.576
-107.600885,42.471017,1884.063017
-107.606834,42.473992,1884
-107.613073,42.477106,1886.6444
-107.613604,42.477355,1888.478
-107.614178,42.477616,1888.4584
-107.61487,42.477885,1890.386
-107.615556,42.478115,1890.0016
-107.616795,42.478495,1892.268884
-107.618473,42.478981,1896.010072
-107.618802,42.479076,1897.564302
-107.619601,42.479278,1896.536109
-107.620298,42.479416,1893.402145
-107.621264,42.47961,1892.136038
-107.621999,42.479753,1891.650722
-107.62312,42.479982,1890.501267
-107.624123,42.480168,1887.300125
-107.624276,42.480198,1887.454716
-107.624585,42.480259,1887.9324
-107.625572,42.480461,1889.960952
-107.626194,42.480564,1888.957343
-107.626923,42.480659,1890.971251
-107.63004,42.481035,1894.183456
-107.631962,42.481263,1896
-107.639364,42.482142,1889.9992
-107.644133,42.482712,1890.642
-107.648478,42.483234,1894.334562
-107.64895,42.483286,1895.22
-107.649449,42.483325,1896.03
-107.650103,42.483369,1894.6292
-107.651493,42.483428,1895.786932
-107.654572,42.483551,1897.2428
-107.663423,42.483915,1903.353143
-107.667967,42.484109,1907
-107.672001,42.484342,1902.2036
-107.676485,42.484603,1908.114297
-107.680911,42.484856,1911.7612
-107.6831,42.484987,1914.960688
-107.687804,42.485256,1919.070999
-107.688813,42.485319,1918.595343
-107.694971,42.485663,1922.040382
-107.700969,42.486019,1924.015507
-107.706158,42.486322,1927.8312
-107.706392,42.486336,1926.990932
-107.721831,42.487008,1910.685042
-107.737967,42.487677,1914
-107.740129,42.487763,1913.4292
-107.747891,42.488092,1913.5924
-107.749667,42.488167,1914.520241
-107.752998,42.488306,1916
-107.755219,42.488403,1915.158531
-107.758454,42.488535,1919.410626
-107.761318,42.488642,1918.7448
-107.764886,42.4888,1916.188672
-107.767267,42.488903,1917.957389
-107.770572,42.48903,1920.0592
-107.774444,42.489189,1922.0788
-107.779992,42.489441,1923
-107.784755,42.489623,1924
-107.790104,42.489852,1925.4672
-107.802109,42.490339,1924.054235
-107.803,42.490379,1928.56272
-107.80367,42.490418,1927.602218
-107.804255,42.490474,1929.799765
-107.80492,42.490557,1928.288
-107.805671,42.490683,1927.268123
-107.809823,42.491478,1925.3628
-107.815482,42.492568,1927.2648
-107.815898,42.492648,1926.875964
-107.82012,42.493419,1927.483571
-107.823783,42.494164,1927.0096
-107.825759,42.494544,1928.353292
-107.826667,42.494712,1927
-107.82744,42.494855,1927
-107.830755,42.495492,1927.282
-107.83978,42.497227,1936.951978
-107.842587,42.497759,1935.0676
-107.851777,42.499506,1930.2216
-107.854548,42.500041,1933.907425
-107.862027,42.501473,1934.089992
-107.862827,42.501626,1933.702342
-107.864707,42.501988,1934
-107.875636,42.504062,1934.2896
-107.893412,42.507504,1934.2832
-107.894049,42.507627,1935.5428
-107.903833,42.509458,1945.711019
-107.908102,42.509942,1934.839489
-107.914655,42.510645,1932.244076
-107.924898,42.511761,1946.554499
-107.935032,42.512888,1952.930511
-107.937694,42.513135,1954.3016
-107.950099,42.513869,1955.330882
-107.957485,42.514306,1962.972914
-107.963406,42.51466,1961.4856
-107.972707,42.515205,1968.933242
-107.974735,42.515321,1970.7524
-107.979632,42.515601,1970.8388
-107.983627,42.51585,1967.8256
-108.00064,42.516875,1972.924
-108.007685,42.517258,1960.496181
-108.008107,42.517285,1959.548
-108.008637,42.517319,1958.619129
-108.009355,42.517395,1957.499716
-108.009464,42.517407,1957.38163
-108.009788,42.517455,1958
-108.010445,42.517552,1957.2108
-108.011227,42.517697,1956.121322
-108.012227,42.517901,1957
-108.016382,42.51875,1959
-108.022264,42.519789,1969.1504
-108.032584,42.521643,1978.770164
-108.039721,42.522879,1982.9024
-108.048675,42.52448,1995.99656
-108.051208,42.524918,1997.7048
-108.052841,42.525281,1996.03216
-108.055814,42.526066,1995.593703
-108.056083,42.526137,1995.184968
-108.072383,42.530422,1998.435887
-108.090853,42.535287,1994.035551
-108.101837,42.538185,1992.9208
-108.102285,42.5383,1991.68112
-108.114071,42.541399,2008.048936
-108.122592,42.5436,2034.615296
-108.124229,42.543899,2039.1092
-108.125645,42.544125,2046.0263
-108.126855,42.544257,2041.0276
-108.128167,42.544389,2040.438641
-108.129902,42.544442,2037.994305
-108.131505,42.544429,2033.6932
-108.133118,42.544342,2037.366694
-108.134873,42.544163,2041.464365
-108.148028,42.54305,2021.141184
-108.150777,42.542848,2017.937532
-108.166014,42.541561,2014.1412
-108.169011,42.541326,2008.099525
-108.173214,42.540965,2009.4816
-108.174794,42.540933,2007.266086
-108.176743,42.541078,2003.205644
-108.178122,42.541272,2000.161745
-108.179977,42.541586,1997.349155
-108.180115,42.541609,1997.121654
-108.180658,42.541702,1996.449089
-108.18289,42.542075,1998.56024
-108.187963,42.542945,1997.068214
-108.189497,42.543205,2000.16341
-108.19114,42.543461,2001.619802
-108.191983,42.543545,2003.887669
-108.192779,42.543567,2000.166901
-108.193776,42.543534,2003.7224
-108.207624,42.542271,2012.983188
-108.213252,42.541763,2015.2928
-108.214293,42.541694,2011.4468
-108.215406,42.541703,2008.328355
-108.216379,42.541782,2004.337619
-108.217291,42.541911,2002.668611
-108.218262,42.542122,2004.8472
-108.219016,42.542349,2007.208849
-108.219643,42.542574,2008.600355
-108.220375,42.542883,2011.07498
-108.22105,42.543222,2012.731024
-108.221731,42.543634,2014.656632
-108.22243,42.544101,2016.043973
-108.224296,42.545465,2014.477786
-108.226278,42.546901,2020.5556
-108.234573,42.552877,2012.6428
-108.241558,42.557885,2026.462997
-108.242786,42.558774,2028.012243
-108.243388,42.559221,2029.1968
-108.243941,42.559655,2030.0544
-108.244807,42.5604,2024.6104
-108.246004,42.561449,2023.1692
-108.251198,42.566053,2023.065438
-108.255987,42.570282,2020.976391
-108.256139,42.570416,2020.054759
-108.26014,42.573942,2032.721965
-108.262825,42.576319,2034.9116
-108.26341,42.576846,2036.114986
-108.263915,42.57729,2039.346936
-108.267494,42.580438,2046.567659
-108.268489,42.581201,2047.905455
-108.269722,42.582073,2048.07477
-108.270834,42.582678,2046.639938
-108.271858,42.583221,2047.410249
-108.272985,42.58372,2051.192864
-108.27469,42.584369,2051.715011
-108.27571,42.584685,2053.022488
-108.276651,42.584935,2058.211595
-108.277421,42.585104,2058.6588
-108.278745,42.585364,2057.7924
-108.280047,42.585533,2055.905061
-108.281408,42.585642,2056.7576
-108.282262,42.585685,2058.066731
-108.282683,42.585697,2058.832539
-108.283001,42.585705,2059
-108.28364,42.585705,2059.538
-108.28439,42.585709,2059.5524
-108.285001,42.585701,2059.048915
-108.28572,42.585654,2061
-108.286847,42.585567,2059.0412
-108.288456,42.585306,2055.66
-108.289808,42.585006,2051.39733
-108.29057,42.584824,2047.614547
-108.292812,42.584319,2034.518837
-108.294067,42.584026,2031.245007
-108.297061,42.583371,2026.176996
-108.297758,42.583197,2028.3116
-108.298423,42.583078,2025.357364
-108.298992,42.582976,2019.205335
-108.299668,42.582873,2019.837771
-108.300365,42.582826,2017.403379
-108.300966,42.582818,2015.3328
-108.301867,42.582849,2018.836453
-108.302725,42.582904,2015.947792
-108.303412,42.582999,2015.84566
-108.304152,42.583157,2014.030648
-108.304893,42.583347,2012.754
-108.305601,42.583568,2009.499581
-108.306277,42.583829,2005.063113
-108.306867,42.584097,2002.198154
-108.307425,42.584366,1995.952304
-108.307972,42.584682,1990.752977
-108.308402,42.584933,1988.4884
-108.308797,42.585204,1988.08786
-108.30927,42.585577,1983.815755
-108.309656,42.585903,1981.677009
-108.310063,42.586272,1979.877525
-108.310297,42.586614,1977.55568
-108.310511,42.58693,1975.104
-108.310796,42.587413,1975.773294
-108.311019,42.587834,1974.863832
-108.311276,42.588331,1972.0084
-108.311469,42.588853,1971.7116
-108.311577,42.589263,1969.9596
-108.311713,42.58987,1965.244862
-108.312081,42.592865,1954.663925
-108.312135,42.593386,1955.684466
-108.312253,42.593853,1954.8308
-108.312403,42.594326,1950.202
-108.312596,42.594785,1950.8936
-108.312843,42.595282,1946.927569
-108.313089,42.595709,1941.450582
-108.313411,42.596182,1937.840554
-108.313841,42.59672,1935.774902
-108.318347,42.602185,1901.738978
-108.321827,42.606429,1881.916652
-108.322962,42.608029,1877.1808
-108.323449,42.608991,1876.253606
-108.32372,42.609862,1871.981254
-108.32385,42.610502,1869.165808
-108.323877,42.611075,1872.771672
-108.323866,42.611727,1865.495303
-108.32368,42.612673,1860.447891
-108.323461,42.613334,1846.9952
-108.323234,42.613904,1846.174947
-108.322758,42.614695,1839.823822
-108.322225,42.61542,1841.52712
-108.320456,42.617853,1845.472255
-108.320038,42.618673,1834.650563
-108.319759,42.619737,1825.318
-108.319729,42.620201,1826.7724
-108.319732,42.620859,1824.490695
-108.319814,42.6214,1828.456384
-108.319972,42.621923,1817.494582
-108.320129,42.622346,1817.562537
-108.320454,42.622987,1813.17234
-108.32071,42.623385,1808.412584
-108.321086,42.623851,1803.148731
-108.321682,42.624464,1806.777486
-108.322147,42.62483,1803.237859
-108.322555,42.625111,1800.080321
-108.323738,42.625857,1795.5432
-108.328047,42.628511,1782.2988
-108.332864,42.63149,1766.425658
-108.336719,42.633861,1743.830515
-108.338058,42.634696,1739.195939
-108.339804,42.6358,1737.3056
-108.341384,42.636739,1735.4616
-108.343338,42.637954,1726.258142
-108.344584,42.638826,1721.566543
-108.345661,42.639661,1723.304064
-108.34704,42.641024,1717.517722
-108.347433,42.641453,1714.472
-108.347755,42.641804,1713.5876
-108.347941,42.641991,1712.6648
-108.34903,42.643305,1710.492
-108.349625,42.643992,1709.65
-108.350468,42.644923,1712.6848
-108.351047,42.645641,1712.916994
-108.351685,42.646371,1724.556101
-108.352458,42.647282,1729.064
-108.353772,42.64877,1738.744902
-108.354936,42.650123,1743.553179
-108.355709,42.651011,1748.3604
-108.356578,42.652037,1745.240843
-108.358241,42.653935,1750.110822
-108.359764,42.655698,1753.087525
-108.361245,42.657406,1747.6616
-108.362784,42.65917,1743.042931
-108.364136,42.660712,1735.611423
-108.364989,42.661732,1727.305086
-108.365955,42.662706,1728.6072
-108.366883,42.663476,1718.528808
-108.3678,42.664146,1721.7656
-108.368712,42.66475,1714
-108.369656,42.665337,1714.162373
-108.371094,42.666063,1714.602669
-108.37192,42.666438,1715.249242
-108.372649,42.666714,1714.8296
-108.373443,42.667018,1715.3948
-108.374881,42.667485,1724.351266
-108.37568,42.667696,1725.1536
-108.377955,42.66817,1732.325144
-108.379819,42.668533,1730.12874
-108.38308,42.669181,1713.8452
-108.386058,42.669738,1707.9432
-108.388668,42.670242,1705.5904
-108.391135,42.670737,1702.086
-108.392546,42.671012,1703.297714
-108.393744,42.671245,1703.230589
-108.394339,42.671362,1707.644291
-108.398002,42.672086,1708.8264
-108.403189,42.673092,1711.679772
-108.405771,42.673629,1712
-108.408924,42.674292,1716.508232
-108.411189,42.674775,1716.607124
-108.411823,42.674899,1717.994566
-108.417705,42.676142,1726.304466
-108.424263,42.677542,1735.758072
-108.429372,42.67862,1744.779546
-108.431041,42.679064,1749.992887
-108.432987,42.679726,1754.797356
-108.435032,42.680627,1760.6296
-108.436094,42.681216,1761.08486
-108.4384,42.682623,1762.663472
-108.440297,42.683762,1767.632789
-108.447143,42.687863,1797.058
-108.457592,42.69413,1798.161037
-108.458356,42.694589,1797.957535
-108.462614,42.697147,1786.869327
-108.468411,42.700712,1780.8656
-108.471047,42.701969,1771.924795
-108.472845,42.702586,1771.316923
-108.475635,42.703317,1763.789617
-108.476949,42.70353,1761.584
-108.477733,42.703636,1759.8924
-108.478571,42.703724,1758.085716
-108.479892,42.703812,1762.16918
-108.481668,42.703844,1762.515976
-108.483114,42.703794,1761.586527
-108.484686,42.703693,1759.9852
-108.487096,42.70346,1755.157594
-108.490392,42.703162,1754.096056
-108.491656,42.703048,1752.985044
-108.492466,42.702971,1747.2448
-108.494253,42.702768,1749.6892
-108.496108,42.702469,1746
-108.496723,42.702378,1745.44707
-108.498687,42.70207,1747.149714
-108.500698,42.701737,1746.876559
-108.504183,42.701169,1747.8504
-108.508547,42.700475,1749.513068
-108.510555,42.700219,1748.214023
-108.520799,42.699119,1737.1236
-108.526598,42.698532,1735.608805
-108.52795,42.698321,1734.514328
-108.528674,42.698195,1733.0452
-108.529241,42.698095,1731.2676
-108.530408,42.697824,1728.853617
-108.532334,42.697282,1735.4984
-108.53467,42.696334,1734.627795
-108.535337,42.696109,1734.81318
-108.536066,42.695956,1741.8832
-108.53684,42.695841,1735.9276
-108.537585,42.695826,1739.475357
-108.539608,42.69592,1729.808
-108.540383,42.695939,1730.0448
-108.541185,42.695912,1728.114938
-108.541978,42.695768,1723.7648
-108.54276,42.695557,1725.877533
-108.543127,42.695415,1725.869343
-108.544031,42.694999,1727.017758
-108.544768,42.69463,1723.561914
-108.545327,42.694365,1724.119079
-108.545765,42.69418,1726.790192
-108.546151,42.694055,1726.913346
-108.546447,42.693972,1728.378593
-108.546876,42.69388,1728.872
-108.547289,42.693802,1729.751597
-108.547904,42.693762,1730.632
-108.54857,42.693755,1728.666
-108.549137,42.693791,1725.772473
-108.549852,42.693909,1725.2896
-108.552872,42.694584,1732.830428
-108.556543,42.69537,1717.216619
-108.557074,42.695452,1714.533852
-108.557515,42.69549,1714.571256
-108.558048,42.695509,1712.8812
-108.55853,42.695499,1711.358698
-108.559007,42.695449,1710.82668
-108.559448,42.695375,1711.11728
-108.559813,42.695284,1710.505561
-108.560215,42.69517,1712.506752
-108.560612,42.69503,1714.169254
-108.562699,42.694199,1717.964
-108.56516,42.69318,1706.344
-108.565528,42.693035,1704.933341
-108.565915,42.692889,1704.4952
-108.566409,42.692761,1705.8912
-108.566971,42.692649,1705.6092
-108.56756,42.692576,1702.272102
-108.568521,42.692535,1704.266074
-108.56913,42.69257,1702.230736
-108.569773,42.692664,1700.711275
-108.57033,42.692773,1699.424366
-108.571037,42.692961,1701.930381
-108.572061,42.69346,1703.4196
-108.572541,42.693752,1702.205937
-108.572943,42.694045,1702.172155
-108.573843,42.69488,1701.081901
-108.574326,42.695324,1701.388
-108.574889,42.695762,1700.359417
-108.575296,42.696023,1700.110392
-108.575809,42.696316,1700.460186
-108.57663,42.696707,1704.142
-108.577389,42.696936,1705.419704
-108.578242,42.697219,1707.061972
-108.579619,42.697603,1704.912189
-108.581818,42.698182,1704.703193
-108.583586,42.698638,1708
-108.585134,42.699059,1702.739778
-108.586834,42.699661,1694.869169
-108.588121,42.700284,1690.7644
-108.590092,42.701408,1683.622787
-108.592202,42.702718,1679.9272
-108.595399,42.704691,1679.8876
-108.597365,42.70588,1679.476
-108.598923,42.706994,1679.0556
-108.602754,42.710246,1671.951615
-108.605049,42.712188,1668.978268
-108.606811,42.713754,1668.252318
-108.609495,42.716042,1666
-108.610867,42.717246,1667.8288
-108.612105,42.718345,1663.982276
-108.612525,42.71871,1664.644
-108.617301,42.722846,1667.503896
-108.619616,42.724833,1664.4212
-108.621623,42.726539,1662.226453
-108.622911,42.72739,1659.7512
-108.624101,42.727957,1655.611075
-108.62526,42.728383,1653.8212
-108.625985,42.728606,1651.4724
-108.626484,42.72876,1650.647526
-108.627256,42.728998,1650.223436
-108.628479,42.729352,1652.4756
-108.629863,42.729668,1655.524273
-108.630796,42.729786,1660.450858
-108.631998,42.729888,1666.868137
-108.632717,42.729928,1667.7408
-108.633639,42.729935,1667.177306
-108.634669,42.729888,1674.002
-108.635699,42.729794,1675.808
-108.636761,42.729644,1679.095631
-108.639079,42.729242,1692.870009
-108.640667,42.729061,1695.011416
-108.642228,42.728942,1702.430377
-108.642415,42.728939,1702.583998
-108.6435,42.728924,1695.97472
-108.644611,42.729001,1694.608
-108.645205,42.729163,1690.811766
-108.645766,42.729463,1688
-108.646062,42.729736,1688.7736
-108.646087,42.72977,1688.7412
-108.646372,42.730154,1687.4456
-108.646526,42.730622,1689.2264
-108.646663,42.731134,1689.9044
-108.646746,42.732084,1687.7832
-108.646777,42.732443,1687.3972
-108.647017,42.733802,1688.768903
-108.647282,42.734996,1689.212101
-108.647737,42.736924,1687.158004
-108.648344,42.739561,1683.441887
-108.648376,42.7397,1683.932288
-108.648917,42.742048,1687.410527
-108.650086,42.747015,1666.159362
-108.650232,42.747785,1663.8092
-108.650481,42.748694,1660.3284
-108.651152,42.751465,1657.619133
-108.651564,42.753232,1655.59957
-108.651843,42.75456,1654.162477
-108.651915,42.7549,1652.33032
-108.65202,42.755396,1653.387763
-108.652398,42.757668,1656.7904
-108.652457,42.758014,1657.569158
-108.652819,42.759965,1663.855302
-108.653,42.761208,1666.15808
-108.653197,42.762249,1663.363713
-108.654041,42.765283,1645.311095
-108.654268,42.76597,1642.306682
-108.654502,42.766658,1643.7928
-108.655108,42.767967,1643.735149
-108.655742,42.76922,1642.6712
-108.656582,42.770681,1647.765552
-108.657071,42.771444,1651.2872
-108.657628,42.772237,1652.003485
-108.658565,42.773491,1654.473378
-108.659721,42.774845,1661
-108.660899,42.776119,1664.986572
-108.662117,42.777367,1651.199783
-108.663907,42.779222,1640.350188
-108.666076,42.781455,1632.858317
-108.668258,42.783688,1635.303332
-108.669642,42.785118,1647.122682
-108.669861,42.785324,1647.083267
-108.670164,42.785611,1647.5904
-108.670466,42.785936,1647.761682
-108.675416,42.791201,1627.48787
-108.676796,42.792556,1626.761065
-108.678524,42.794349,1624.244706
-108.680239,42.796132,1632.870898
-108.681465,42.7973,1638.15344
-108.681693,42.797511,1640.062708
-108.682964,42.798416,1637.869911
-108.684321,42.79928,1635.184
-108.685448,42.799869,1632.31
-108.688107,42.801159,1624.044728
-108.690111,42.802119,1625.303417
-108.690876,42.802457,1625.867777
-108.691628,42.802821,1630.72686
-108.69266,42.80328,1629.384
-108.693041,42.803449,1629.553019
-108.694753,42.804315,1625.585633
-108.695603,42.804725,1626.3516
-108.695844,42.804842,1628.486158
-108.696235,42.805053,1631.275897
-108.696513,42.805186,1631.8924
-108.697628,42.805824,1630.0112
-108.698222,42.806206,1632.760913
-108.698311,42.806264,1633.615052
-108.699737,42.807338,1633.811426
-108.699899,42.807476,1634.245785
-108.700843,42.808283,1634.168588
-108.703002,42.810097,1639.8912
-108.703708,42.81063,1640.0344
-108.703944,42.810847,1637.8508
-108.704859,42.811628,1642.013084
-108.705105,42.811846,1639.3308
-108.70642,42.812946,1641.550573
-108.708723,42.814877,1642.8456
-108.709739,42.815757,1645
-108.710999,42.816773,1640.750898
-108.711198,42.816966,1641.259473
-108.711481,42.817218,1642.3316
-108.7119,42.817594,1643.1784
-108.712751,42.818265,1644.754
-108.713443,42.818862,1651.045817
-108.713671,42.819067,1652.353843
-108.7155,42.820563,1663.8268
-108.715609,42.820663,1664.5792
-108.715743,42.820778,1665.4756
-108.715848,42.820888,1666.010391
-108.7159,42.820939,1666.091296
-108.716221,42.821253,1667.5108
-108.716551,42.821567,1668.908196
-108.716769,42.821844,1667.891227
-108.71689,42.821986,1666.570922
-108.717482,42.822926,1669.563823
-108.717705,42.823417,1671.515714
-108.717944,42.824258,1669.210354
-108.71802,42.824523,1667.342598
-108.718153,42.82487,1666.164174
-108.718859,42.826335,1661.411451
-108.71891,42.826425,1660.54388
-108.719053,42.826676,1658.0672
-108.719501,42.82718,1656.7448
-108.720481,42.828088,1650.322502
-108.721359,42.82884,1646.4596
-108.722902,42.830188,1647.467735
-108.723323,42.830611,1645.5636
-108.723763,42.830916,1643.723128
-108.723978,42.831065,1642.599547
-108.724483,42.831461,1641.305968
-108.72475,42.831579,1638.77836
-108.725189,42.831772,1634.9404
-108.725695,42.83197,1634.455816
-108.725989,42.832046,1634.278882
-108.726702,42.832199,1630.799834
-108.726744,42.832209,1630.687252
-108.727207,42.83229,1630
-108.727419,42.832337,1630.7084
-108.729166,42.832746,1635.1144
-108.731209,42.833154,1637.581909
-108.731313,42.833177,1637.846243
-108.733128,42.833565,1635.767014
-108.733236,42.833588,1636.357507
-108.73447,42.833841,1635.076139
-108.735047,42.83396,1636.256
-108.73517,42.833985,1636.346
-108.735274,42.834007,1636.4252
-108.7373,42.834433,1637.0412
-108.739316,42.834863,1635.4624
-108.740019,42.835012,1634.0432
-108.740736,42.835164,1636.24
-108.741337,42.835291,1638.008892
-108.743203,42.835688,1639
-108.743366,42.835723,1638.929111
-108.744028,42.835871,1638.5008
-108.744321,42.835966,1639.5556
-108.744634,42.836153,1639.8492
-108.744794,42.836405,1639
-108.744837,42.836633,1639
-108.74486,42.836756,1639
-108.744872,42.837146,1638.608756
-108.744877,42.837736,1639.539994
-108.744882,42.838279,1639.112509
-108.744875,42.838539,1639.40722
-108.744888,42.838851,1638.7332
-108.744895,42.839002,1638.2148
-108.744904,42.83937,1636.9224
-108.744941,42.839612,1636.05628
-108.744978,42.839855,1635.439315
-108.744997,42.839924,1635.26769
-108.745143,42.84046,1634.344
-108.745176,42.840579,1634.053476
-108.745385,42.841072,1634.472451
-108.745434,42.841188,1634.527855
-108.745707,42.841637,1633.026055
-108.745873,42.84158,1632.579446