-108.745861,42.841584,1632.565559
-108.745707,42.841637,1633.026055
-108.745434,42.841188,1634.527855
-108.745176,42.840579,1634.053476
-108.745143,42.84046,1634.344
-108.744997,42.839924,1635.26769
-108.744978,42.839855,1635.439315
-108.744941,42.839612,1636.05628
-108.744904,42.83937,1636.9224
-108.744895,42.839002,1638.2148
-108.744888,42.838851,1638.7332
-108.744875,42.838539,1639.40722
-108.744882,42.838279,1639.112509
-108.744877,42.837736,1639.539994
-108.744872,42.837146,1638.608756
-108.74486,42.836756,1639
-108.744837,42.836633,1639
-108.744794,42.836405,1639
-108.744634,42.836153,1639.8492
-108.744321,42.835966,1639.5556
-108.744028,42.835871,1638.5008
-108.743366,42.835723,1638.929111
-108.741337,42.835291,1638.008892
-108.740736,42.835164,1636.24
-108.740019,42.835012,1634.0432
-108.739392,42.834879,1635.1888
-108.739316,42.834863,1635.4624
-108.7373,42.834433,1637.0412
-108.735274,42.834007,1636.4252
-108.73517,42.833985,1636.346
-108.735047,42.83396,1636.256
-108.73447,42.833841,1635.076139
-108.733236,42.833588,1636.357507
-108.733128,42.833565,1635.767014
-108.731313,42.833177,1637.846243
-108.731209,42.833154,1637.581909
-108.729166,42.832746,1635.1144
-108.727419,42.832337,1630.7084
-108.727207,42.83229,1630
-108.726744,42.832209,1630.687252
-108.726702,42.832199,1630.799834
-108.725989,42.832046,1634.278882
-108.725695,42.83197,1634.455816
-108.725189,42.831772,1634.9404
-108.72475,42.831579,1638.77836
-108.724483,42.831461,1641.305968
-108.724084,42.831148,1642.741921
-108.723978,42.831065,1642.599547
-108.723323,42.830611,1645.5636
-108.722902,42.830188,1647.467735
-108.721359,42.82884,1646.4596
-108.720481,42.828088,1650.322502
-108.719501,42.82718,1656.7448
-108.719053,42.826676,1658.0672
-108.71891,42.826425,1660.54388
-108.718859,42.826335,1661.411451
-108.718153,42.82487,1666.164174
-108.71802,42.824523,1667.342598
-108.717944,42.824258,1669.210354
-108.717705,42.823417,1671.515714
-108.717482,42.822926,1669.563823
-108.71689,42.821986,1666.570922
-108.716769,42.821844,1667.891227
-108.716551,42.821567,1668.908196
-108.716221,42.821253,1667.5108
-108.7159,42.820939,1666.091296
-108.715848,42.820888,1666.010391
-108.715743,42.820778,1665.4756
-108.715609,42.820663,1664.5792
-108.7155,42.820563,1663.8268
-108.713671,42.819067,1652.353843
-108.713443,42.818862,1651.045817
-108.712751,42.818265,1644.754
-108.7119,42.817594,1643.1784
-108.711481,42.817218,1642.3316
-108.711198,42.816966,1641.259473
-108.710999,42.816773,1640.750898
-108.709739,42.815757,1645
-108.708723,42.814877,1642.8456
-108.70642,42.812946,1641.550573
-108.705105,42.811846,1639.3308
-108.704859,42.811628,1642.013084
-108.703944,42.810847,1637.8508
-108.703708,42.81063,1640.0344
-108.703002,42.810097,1639.8912
-108.700843,42.808283,1634.168588
-108.699899,42.807476,1634.245785
-108.699737,42.807338,1633.811426
-108.698311,42.806264,1633.615052
-108.698222,42.806206,1632.760913
-108.697628,42.805824,1630.0112
-108.696513,42.805186,1631.8924
-108.696235,42.805053,1631.275897
-108.695844,42.804842,1628.486158
-108.695603,42.804725,1626.3516
-108.694753,42.804315,1625.585633
-108.693041,42.803449,1629.553019
-108.691628,42.802821,1630.72686
-108.690876,42.802457,1625.867777
-108.690111,42.802119,1625.303417
-108.688107,42.801159,1624.044728
-108.685448,42.799869,1632.31
-108.684321,42.79928,1635.184
-108.682964,42.798416,1637.869911
-108.681693,42.797511,1640.062708
-108.681465,42.7973,1638.15344
-108.680239,42.796132,1632.870898
-108.678524,42.794349,1624.244706
-108.676796,42.792556,1626.761065
-108.675416,42.791201,1627.48787
-108.670466,42.785936,1647.761682
-108.670164,42.785611,1647.5904
-108.669642,42.785118,1647.122682
-108.668258,42.783688,1635.303332
-108.666076,42.781455,1632.858317
-108.663907,42.779222,1640.350188
-108.662117,42.777367,1651.199783
-108.660899,42.776119,1664.986572
-108.659721,42.774845,1661
-108.658565,42.773491,1654.473378
-108.657628,42.772237,1652.003485
-108.657071,42.771444,1651.2872
-108.656582,42.770681,1647.765552
-108.655742,42.76922,1642.6712
-108.655108,42.767967,1643.735149
-108.654502,42.766658,1643.7928
-108.654268,42.76597,1642.306682
-108.654041,42.765283,1645.311095
-108.653197,42.762249,1663.363713
-108.653,42.761208,1666.15808
-108.652819,42.759965,1663.855302
-108.652457,42.758014,1657.569158
-108.652398,42.757668,1656.7904
-108.65202,42.755396,1653.387763
-108.651915,42.7549,1652.33032
-108.651843,42.75456,1654.162477
-108.651564,42.753232,1655.59957
-108.651152,42.751465,1657.619133
-108.650481,42.748694,1660.3284
-108.650232,42.747785,1663.8092
-108.650086,42.747015,1666.159362
-108.648917,42.742048,1687.410527
-108.648376,42.7397,1683.932288
-108.647737,42.736924,1687.158004
-108.647282,42.734996,1689.212101
-108.647017,42.733802,1688.768903
-108.646777,42.732443,1687.3972
-108.646663,42.731134,1689.9044
-108.646672,42.730663,1690.4252
-108.646652,42.72901,1691.488179
-108.64665,42.72885,1692.2116
-108.646639,42.728346,1693.895858
-108.646574,42.725251,1693.064241
-108.646544,42.724189,1693.603295
-108.64642,42.723131,1696.353181
-108.646244,42.722226,1698.4648
-108.645971,42.721274,1699.7452
-108.645437,42.719869,1696
-108.644633,42.71753,1684.6788
-108.644177,42.715771,1667.8128
-108.643945,42.714789,1665.2404
-108.643922,42.71469,1665
-108.643145,42.711377,1674.4328
-108.641559,42.704369,1716.6592
-108.641247,42.702958,1721.1916
-108.640988,42.70215,1724.084064
-108.640662,42.701325,1723.368264
-108.64035,42.700648,1731.681344
-108.640005,42.700059,1733.6112
-108.638142,42.696923,1745.2424
-108.636018,42.693383,1758.149799
-108.634486,42.691092,1766.644908
-108.628768,42.682749,1801.278287
-108.627148,42.680404,1813.145784
-108.625701,42.678498,1824.55121
-108.623881,42.676207,1837.318393
-108.622648,42.674488,1839.208914
-108.621719,42.673065,1844.6856
-108.620595,42.671396,1841.426
-108.619992,42.670533,1841.350739
-108.619552,42.669949,1844.978
-108.618738,42.669051,1843.845788
-108.617739,42.668098,1845.402
-108.617245,42.667673,1846.0004
-108.616725,42.667267,1844.1464
-108.61423,42.665401,1841.0224
-108.612206,42.66384,1842.069478
-108.608117,42.660413,1841.4688
-108.60238,42.655511,1838.639014
-108.601543,42.654799,1839.602547
-108.601103,42.654403,1838.767557
-108.600867,42.654154,1836.4248
-108.60061,42.653831,1839.862046
-108.600299,42.653195,1839.730894
-108.600192,42.652773,1837.668689
-108.60013,42.652203,1836.436386
-108.600165,42.651854,1837.111613
-108.600283,42.651369,1834.966908
-108.600517,42.650834,1832.4544
-108.600787,42.650524,1831.029897
-108.601342,42.649905,1833.03613
-108.601613,42.649664,1832.8068
-108.60294,42.648395,1836.489648
-108.604433,42.646914,1845.726453
-108.605014,42.646369,1851.110391
-108.605341,42.645971,1852.398399
-108.605647,42.645608,1855.710706
-108.605969,42.645052,1860.5988
-108.606269,42.644428,1864.286701
-108.606881,42.642554,1876.689601
-108.607009,42.642053,1875.744356
-108.607063,42.64163,1879.613138
-108.607093,42.640543,1884.2808
-108.607096,42.640415,1883.766
-108.607096,42.639058,1886.7264
-108.607134,42.638271,1887.684539
-108.607208,42.637858,1890.250787
-108.607361,42.637361,1894.252
-108.607585,42.636419,1900.4508
-108.607955,42.635172,1908.47135
-108.608151,42.634338,1913.7356
-108.608139,42.633671,1917.0988
-108.607956,42.63224,1921.666662
-108.6079,42.631709,1928.766768
-108.607955,42.631081,1931.290359
-108.608013,42.630726,1934.440411
-108.60819,42.630134,1938.885482
-108.608447,42.629554,1940.893835
-108.608721,42.629156,1942.935573
-108.609166,42.628646,1941.754806
-108.610102,42.62776,1951.485798
-108.610762,42.627122,1959.2296
-108.611355,42.626562,1961.519509
-108.612106,42.625868,1967.509016
-108.612465,42.625536,1973.566141
-108.6129,42.625078,1977.399552
-108.613302,42.624617,1977.404729
-108.613674,42.624059,1980.810458
-108.613817,42.623626,1981.496272
-108.613967,42.623042,1985.1464
-108.614021,42.622446,1988.7188
-108.613941,42.621771,1993.46895
-108.613788,42.621311,1995.376159
-108.613522,42.620713,1999.2996
-108.613145,42.620165,2003.953268
-108.612744,42.619773,2005.6956
-108.612363,42.619441,2004.993547
-108.61055,42.618068,2019.953408
-108.607589,42.615952,2036.441574
-108.60723,42.615612,2039.482048
-108.606972,42.615324,2043.287921
-108.606645,42.614811,2046.312
-108.606479,42.614207,2051.7632
-108.606458,42.613744,2056.996174
-108.606484,42.613504,2060.8736
-108.606597,42.613109,2068.168146
-108.606787,42.612738,2073.197966
-108.608049,42.61086,2093.586934
-108.608807,42.609694,2100.2868
-108.610169,42.607736,2109.626
-108.611683,42.605531,2117.285204
-108.61209,42.604964,2119.876531
-108.612521,42.604517,2121.795307
-108.613574,42.60366,2132.882714
-108.613646,42.603602,2134.164
-108.615925,42.601825,2144.39
-108.616494,42.601348,2147
-108.618178,42.599705,2157.4284
-108.620041,42.597812,2166.165784
-108.621086,42.596771,2166.8416
-108.621789,42.596253,2164.1408
-108.622561,42.595803,2160.157161
-108.623523,42.595419,2160.126
-108.624632,42.5951,2155.5696
-108.62565,42.594961,2151.513864
-108.627217,42.594915,2152.680953
-108.633391,42.594773,2160.3656
-108.633738,42.594765,2160.694453
-108.637641,42.594662,2168.385648
-108.63962,42.594615,2175.717952
-108.641219,42.594571,2182.2108
-108.642093,42.594508,2186.091238
-108.642962,42.594386,2186.311075
-108.643627,42.594196,2194.117681
-108.644405,42.59392,2195.687808
-108.645006,42.593619,2200.143813
-108.645784,42.593161,2206.0488
-108.646539,42.592586,2208.446184
-108.646916,42.592154,2209.083549
-108.647377,42.591475,2216.219864
-108.648305,42.590093,2226.655899
-108.6489,42.589366,2232.304992
-108.649611,42.588738,2235.656
-108.65162,42.587225,2241.23
-108.652613,42.586471,2242.2164
-108.65339,42.586001,2246.479869
-108.654136,42.585701,2247.868205
-108.654909,42.585515,2249.944859
-108.655912,42.585369,2249.660203
-108.657709,42.58518,2249.936355
-108.658562,42.585022,2249.442797
-108.659318,42.584832,2253.4608
-108.659903,42.584666,2256.318122
-108.660713,42.584401,2260.008952
-108.661625,42.58422,2258.4548
-108.662134,42.584176,2259.203186
-108.662928,42.58418,2262.725158
-108.663787,42.584255,2261.823285
-108.665761,42.584516,2267.609879
-108.666523,42.584595,2272.233355
-108.667113,42.584607,2275.7032
-108.667853,42.584528,2277.360257
-108.66876,42.584374,2276.3256
-108.672053,42.583639,2286.1832
-108.672788,42.583422,2290.8224
-108.673587,42.583106,2301.1028
-108.67428,42.582802,2301.419955
-108.674987,42.582388,2304.21887
-108.676924,42.58102,2316.556941
-108.677552,42.580641,2321.348435
-108.678319,42.580254,2326.442366
-108.679161,42.579922,2328.540528
-108.679977,42.579689,2333.2732
-108.680615,42.579527,2338.597201
-108.681452,42.579381,2341.7692
-108.682412,42.579318,2348.250578
-108.683925,42.579192,2352.3124
-108.684638,42.579109,2352.5848
-108.685352,42.578959,2357.734159
-108.686274,42.578639,2360.544875
-108.687004,42.57822,2364.844826
-108.687343,42.578003,2366.252657
-108.692207,42.574507,2403.2312
-108.693667,42.573468,2409.8628
-108.694509,42.572745,2419.666177
-108.694986,42.572251,2421.9524
-108.695713,42.571297,2430.887897
-108.697571,42.568692,2451.22
-108.698194,42.567886,2453.6104
-108.698237,42.567842,2453.7688
-108.698948,42.56712,2458.65769
-108.699092,42.56698,2459.106394
-108.699734,42.566362,2463.135096
-108.700359,42.565829,2463.995439
-108.701018,42.56531,2462.309117
-108.701697,42.5648,2458.761376
-108.702598,42.564243,2453.060651
-108.703634,42.563662,2452.647096
-108.704347,42.563283,2451.4564
-108.705704,42.562674,2444.797252
-108.706718,42.562283,2439.087566
-108.707469,42.562018,2434.9476
-108.711122,42.560991,2426.3664
-108.711916,42.560734,2418.058764
-108.712646,42.560462,2418.338178
-108.713303,42.560168,2416.561644
-108.713927,42.559851,2415.79
-108.714369,42.559608,2413.159918
-108.715156,42.559098,2415.2472
-108.715706,42.55868,2415.6688
-108.716855,42.55769,2423.371752
-108.718274,42.55639,2435.619946
-108.719398,42.555496,2439.632838
-108.720603,42.554661,2447.699867
-108.722152,42.553769,2455.060617
-108.723938,42.552784,2464.944721
-108.725263,42.552057,2469.097513
-108.727564,42.550733,2489.08398
-108.728508,42.550219,2492.139054
-108.729206,42.549796,2500.1592
-108.729833,42.549409,2504.491513
-108.730364,42.549014,2507.241796
-108.73089,42.548532,2510.838701
-108.731341,42.54799,2514
-108.732006,42.547038,2516.401035
-108.732371,42.546469,2517.4644
-108.733712,42.544544,2529.260342
-108.735396,42.542121,2514.906111
-108.737172,42.539536,2497.482808
-108.738685,42.537347,2483.165313
-108.739253,42.53652,2480.1612
-108.739629,42.536038,2480.77546
-108.740224,42.535406,2479.910634
-108.740365,42.535279,2479.686
-108.74067,42.535003,2477.5988
-108.741238,42.534552,2472.494473
-108.741796,42.534184,2470.0624
-108.743239,42.533356,2471.0816
-108.745521,42.532054,2472.345337
-108.747599,42.530852,2472.3564
-108.748592,42.530275,2471.98
-108.750749,42.529037,2477.296
-108.753397,42.52758,2479.7464
-108.754169,42.527142,2480.1336
-108.755215,42.52643,2475.374
-108.755959,42.526002,2475.4524
-108.756897,42.525574,2482.7912
-108.757954,42.525147,2482.655751
-108.759996,42.524403,2489.8508
-108.761284,42.523965,2491.066938
-108.762253,42.523645,2491.5988
-108.763023,42.523408,2489.429697
-108.763624,42.523155,2485.7624
-108.764085,42.522949,2486.757578
-108.764466,42.522755,2486.85509
-108.764868,42.52253,2488.4168
-108.765544,42.522135,2498.160662
-108.769412,42.519782,2528.08
-108.770347,42.519191,2531.2596
-108.774422,42.516734,2561.069572
-108.775933,42.515822,2567.411122
-108.776552,42.515476,2570.888
-108.777056,42.515231,2573.4664
-108.777201,42.51517,2574.0712
-108.777777,42.514926,2576.993654
-108.77962,42.514154,2580.665562
-108.781362,42.513423,2586.840706
-108.782283,42.512925,2586.0324
-108.782689,42.512673,2584.514153
-108.783322,42.512285,2582.620379
-108.784068,42.511775,2576.034128
-108.785688,42.510719,2571.823851
-108.787029,42.509838,2567.230948
-108.787581,42.509379,2570.457398
-108.787989,42.508991,2570.007123
-108.788445,42.508446,2569.247498
-108.788708,42.507991,2570.186
-108.789089,42.50718,2566.364701
-108.789519,42.506034,2562.184692
-108.78977,42.505586,2559.347651
-108.790172,42.504883,2551.180007
-108.790628,42.504337,2548.571845
-108.791213,42.503775,2544.1228
-108.792404,42.502747,2538.061892
-108.79603,42.499634,2529.826339
-108.796905,42.498966,2532.515781
-108.79742,42.498598,2533.102394
-108.797897,42.498317,2534.345163
-108.798632,42.497934,2535.0752
-108.80008,42.497309,2535.9128
-108.809956,42.492976,2521.7136
-108.814297,42.491067,2514.2132
-108.815509,42.49057,2506.3352
-108.823446,42.487785,2475.13
-108.824198,42.487539,2468.810726
-108.82486,42.487363,2466.771773
-108.827402,42.48685,2458.98
-108.830888,42.486153,2467.1476
-108.831602,42.485964,2469.584709
-108.832106,42.485814,2469.692479
-108.832503,42.485667,2469.630733
-108.834579,42.484706,2473.629489
-108.836773,42.483725,2486.156948
-108.838345,42.483005,2486.152712
-108.839198,42.482558,2489.298047
-108.840088,42.482024,2491.628332
-108.8407,42.481604,2493.822912
-108.841483,42.481015,2496.117225
-108.842095,42.480501,2496.458
-108.842685,42.479856,2497
-108.843146,42.479349,2495.572552
-108.843586,42.478799,2496.705653
-108.843962,42.478256,2498.205125
-108.844262,42.477747,2498.584027
-108.844542,42.477226,2496.720047
-108.845333,42.47551,2495.836
-108.8459,42.474278,2493.383808
-108.84625,42.473463,2488.9336
-108.846529,42.472827,2487.08782
-108.84681,42.472189,2485.938286
-108.850525,42.463752,2458.055792
-108.851242,42.462157,2459.0016
-108.852397,42.459593,2460.801696
-108.852895,42.458516,2459.935107
-108.853403,42.457325,2455.832796
-108.856694,42.449901,2424.5452
-108.85879,42.445117,2406.215147
-108.860157,42.442082,2410.224913
-108.860714,42.440854,2412.472038
-108.861236,42.439909,2410.302311
-108.862652,42.437937,2403.219255
-108.863879,42.436207,2392.3808
-108.864864,42.434865,2389
-108.865741,42.433643,2382.4472
-108.866915,42.43205,2375.04028
-108.867676,42.430996,2376.048
-108.868579,42.429673,2380.020484
-108.870387,42.426644,2373.8368
-108.870488,42.426434,2372.3248
-108.872387,42.423251,2378.8896
-108.872412,42.423209,2379.1308
-108.872742,42.422649,2382.467312
-108.873469,42.421359,2382.3228
-108.873493,42.421318,2382.7656
-108.875677,42.417636,2377.4896
-108.876884,42.415661,2373.865001
-108.883901,42.403774,2356.4136
-108.885025,42.401822,2354
-108.887987,42.396945,2341.248306
-108.893438,42.388151,2321.439868
-108.893816,42.387566,2315.2376
-108.896641,42.382945,2283.3888
-108.896784,42.382711,2280.775945
-108.897636,42.381329,2273.0584
-108.898426,42.380069,2272.165534
-108.898603,42.379756,2272
-108.899102,42.379011,2271.102339
-108.899435,42.378507,2270.966
-108.899998,42.377806,2274.8912
-108.900686,42.377107,2277.22001
-108.901292,42.376573,2279.082815
-108.90208,42.375984,2281.9456
-108.902935,42.375452,2286.22881
-108.903732,42.375016,2287.457065
-108.904691,42.374498,2289.876259
-108.908892,42.372234,2304.0112
-108.919297,42.366621,2305.974336
-108.91962,42.36646,2304.368
-108.928467,42.361747,2290.5188
-108.930848,42.360482,2282.696381
-108.932372,42.359654,2275.7544
-108.934776,42.358441,2263.6128
-108.937492,42.357156,2252.558866
-108.944582,42.353755,2223.5312
-108.945902,42.353087,2217.198417
-108.947184,42.352465,2215.246262
-108.948222,42.351927,2212.89957
-108.950006,42.350889,2209.9784
-108.951766,42.349786,2202.377095
-108.95716,42.346416,2198.0976
-108.960418,42.344359,2192.847676
-108.961903,42.343447,2190.906547
-108.96355,42.342392,2187.307936
-108.964709,42.341687,2185.9268
-108.965636,42.341076,2188
-108.966837,42.340208,2189.7488
-108.967508,42.339634,2192.337253
-108.968636,42.338546,2192.5584
-108.96943,42.337626,2194.023587
-108.974091,42.331694,2207.826
-108.974633,42.331052,2207.177103
-108.976007,42.32964,2207.144141
-108.978149,42.327846,2200.4912
-108.980377,42.326092,2190.529775
-108.982533,42.324387,2191.270232
-108.983564,42.323555,2188.304941
-108.987776,42.32024,2180.86313
-108.989568,42.318955,2183.312662
-108.990975,42.318112,2180.510032
-108.992486,42.317305,2179.015019
-108.999631,42.313757,2163.3284
-109.000737,42.313205,2162.954978
-109.002849,42.312143,2162.497275
-109.003793,42.311679,2162.9556
-109.006408,42.310374,2165
-109.012045,42.307562,2172
-109.019083,42.304063,2159
-109.02464,42.301294,2157.296
-109.029576,42.298849,2150.8564
-109.035777,42.295747,2144.5136
-109.042541,42.29237,2146.398923
-109.043212,42.29204,2144.4368
-109.048149,42.289568,2142
-109.05277,42.287282,2144.021974
-109.054143,42.28659,2141.252485
-109.054201,42.286563,2141.4968
-109.059683,42.283827,2137.7772
-109.060158,42.283582,2136.61399
-109.06269,42.282325,2136.63
-109.067157,42.280084,2135.1352
-109.072083,42.277646,2135.0268
-109.075795,42.275759,2132.833471
-109.077209,42.275066,2131.38
-109.082581,42.272391,2135.2916
-109.087651,42.26987,2145.6192
-109.089317,42.269133,2146.5412
-109.090505,42.268632,2149
-109.091621,42.268203,2146.974336
-109.092286,42.267965,2144.86725
-109.099495,42.265555,2126.998
-109.104023,42.264027,2124.242752
-109.105879,42.263415,2125.294
-109.108068,42.262685,2124
-109.111442,42.261553,2131.713361
-109.119698,42.258806,2128.244041
-109.124864,42.257079,2124
-109.12709,42.256332,2127.940685
-109.128823,42.255713,2132.102755
-109.13069,42.254951,2133.601378
-109.131231,42.254712,2132.115883
-109.136478,42.252251,2126.1036
-109.141724,42.249741,2126.1388
-109.166725,42.237921,2102.509048
-109.168418,42.237105,2102.823826
-109.170862,42.23594,2105.4872
-109.175174,42.233907,2110.585559
-109.17692,42.233053,2117.81561
-109.17832,42.232422,2122.013478
-109.196259,42.223925,2101.406812
-109.197868,42.223123,2100
-109.222976,42.211236,2088.7136
-109.226302,42.209612,2087.538638
-109.243174,42.201617,2081
-109.250679,42.198044,2076.504487
-109.259451,42.193862,2075
-109.263679,42.191862,2074.286524
-109.267676,42.189942,2075.865096
-109.271138,42.188288,2076.822198
-109.280401,42.183876,2067.979417
-109.292452,42.178143,2060.1728
-109.302605,42.173314,2064.4828
-109.31998,42.165023,2062.8452
-109.326015,42.162165,2072.206
-109.328638,42.160887,2078.1936
-109.329516,42.160487,2077.5084
-109.331135,42.159751,2071.40549
-109.332709,42.159144,2067
-109.333909,42.15871,2064.953374
-109.345173,42.155111,2043.505529
-109.346603,42.154648,2041.167958
-109.346992,42.15451,2041
-109.348452,42.154054,2038.805128
-109.364029,42.149071,2031.32
-109.365261,42.148669,2033.4772
-109.366397,42.148309,2033.060958
-109.367483,42.147961,2037.6196
-109.368538,42.147569,2037.4884
-109.369622,42.147115,2033.9748
-109.370195,42.146835,2030.872588
-109.370768,42.146546,2030.536571
-109.371329,42.146244,2029.7372
-109.371887,42.145931,2029.721111
-109.374904,42.144273,2029.6172
-109.375729,42.143814,2029.4608
-109.376952,42.143132,2029.992515
-109.378663,42.142178,2027.870539
-109.379522,42.141701,2028.910909
-109.385629,42.138316,2026
-109.388658,42.136638,2024.272
-109.390169,42.135796,2022.526
-109.390927,42.135383,2021.967069
-109.391312,42.135177,2022.161954
-109.391704,42.134984,2022.8656
-109.392314,42.1347,2020.973568
-109.393004,42.134396,2021.672369
-109.39389,42.134048,2019.996
-109.395753,42.133407,2020.2652
-109.395788,42.133394,2020.2184
-109.396114,42.133281,2019.822
-109.399561,42.132127,2020.304639
-109.401144,42.131592,2021.7312
-109.402703,42.13107,2022.081358
-109.404269,42.130547,2019.6624
-109.405055,42.130278,2021
-109.405832,42.129997,2018.989148
-109.40641,42.129763,2019.211643
-109.406985,42.129513,2019.7532
-109.407668,42.129199,2022.372
-109.408309,42.128873,2020.112989
-109.409244,42.128358,2019
-109.411417,42.127058,2018.877429
-109.412277,42.126554,2018.651231
-109.414882,42.124995,2017
-109.416069,42.124289,2015.541529
-109.418509,42.122841,2019.143934
-109.419176,42.122436,2014.992259
-109.419863,42.122036,2014.660241
-109.420392,42.121748,2014.120399
-109.420927,42.121476,2014.882254
-109.422198,42.120892,2014.2112
-109.425673,42.119279,2014.919161
-109.42912,42.117686,2016.219386
-109.429704,42.117417,2017.954001
-109.429762,42.11739,2018.086493
-109.432224,42.116256,2015.9936
-109.434733,42.1151,2015.2824
-109.441012,42.112209,2013.6432
-109.441995,42.111757,2014.266014
-109.443551,42.111041,2012
-109.446579,42.109645,2012.543463
-109.447783,42.109106,2013.8004
-109.448369,42.108807,2013.743052
-109.448775,42.108668,2013.879168
-109.449081,42.10861,2013.307166
-109.449341,42.108565,2012.476582
-109.449713,42.108501,2011.04636
-109.450846,42.108306,2006.995513
-109.451811,42.108142,2007.027001
-109.453008,42.10793,2007.374618
-109.453573,42.107805,2010.7648
-109.454117,42.107665,2012.487793
-109.454736,42.107487,2014.000479
-109.455364,42.107288,2013.4736
-109.455935,42.107074,2013.704302
-109.456508,42.10684,2013.1952
-109.456875,42.106673,2012.0057
-109.457237,42.106503,2013.1064
-109.457875,42.106165,2014.1261
-109.458185,42.10598,2014
-109.458503,42.105782,2014.385048
-109.459126,42.105365,2012.945539
-109.45945,42.10513,2013
-109.459774,42.104869,2013.087906
-109.460402,42.104325,2014
-109.460891,42.103835,2013.5984
-109.461357,42.103321,2010.154103
-109.461599,42.103015,2011
-109.461846,42.102685,2010.451661
-109.462349,42.101958,2011.022272
-109.46332,42.100552,2012.034586
-109.464033,42.099529,2011
-109.466299,42.096291,2008.761637
-109.467,42.095282,2007.22736
-109.467359,42.094776,2010.514529
-109.467706,42.094271,2010.170945
-109.472946,42.08674,2010.528
-109.474847,42.084005,2009.8672
-109.475788,42.082663,2009.077834
-109.476267,42.081979,2004.633013
-109.476513,42.081636,2003.938927
-109.476765,42.081311,2004.354
-109.477349,42.080609,2007.264
-109.478238,42.07966,2007.4328
-109.47943,42.078612,2006.996966
-109.480413,42.077868,2004.3248
-109.481193,42.077341,2003
-109.48293,42.076351,2003.452
-109.483949,42.075858,2004.980784
-109.484437,42.075643,2004.3148
-109.484956,42.07543,2001.7064
-109.485876,42.07508,2003.262963
-109.486911,42.074732,2002.221762
-109.48795,42.074438,2001.991184
-109.488906,42.074206,2002.088723
-109.489875,42.073998,2003.9428
-109.490487,42.073904,2001.396574
-109.491138,42.073802,2001.501479
-109.492274,42.073669,2005.377954
-109.49336,42.073582,2003.981139
-109.494211,42.073533,2005.48248
-109.498899,42.073524,2006.975015
-109.504025,42.073502,2006.200328
-109.50659,42.073492,2005.260749
-109.515511,42.073459,2003.46767
-109.516091,42.073452,2004.396271
-109.516611,42.073433,2004.071904
-109.517129,42.073407,2003.511799
-109.517636,42.073359,2003.582
-109.518253,42.073285,2005.834479
-109.518967,42.073175,2006.530632
-109.519479,42.073065,2006.18817
-109.520036,42.072949,2007
-109.520869,42.072726,2007
-109.52145,42.07256,2008.004
-109.52249,42.07216,2010.803936
-109.52259,42.072114,2010.73663
-109.523061,42.071891,2012.208229
-109.523598,42.071627,2012.8572
-109.524262,42.071285,2013.7172
-109.52482,42.07096,2016.544
-109.525327,42.070611,2015
-109.527303,42.069097,2015
-109.52734,42.06907,2015
-109.528427,42.068247,2013.9736
-109.528797,42.067967,2013.6496
-109.528929,42.067867,2013.6788
-109.52948,42.06745,2013.71504
-109.529507,42.067428,2013.573972
-109.53162,42.06579,2012.844
-109.532279,42.065281,2011.020829
-109.532325,42.065245,2010.882
-109.53246,42.06514,2010.504
-109.533526,42.06432,2011.830867
-109.537133,42.061549,2010.4236
-109.53725,42.06146,2010.744
-109.538335,42.060624,2005.491322
-109.541087,42.058501,2006.6036
-109.54297,42.05705,2007.308
-109.54656,42.05429,2009.726496
-109.547316,42.053743,2007.1372
-109.548013,42.053308,2006.951972
-109.54893,42.05281,2009.148
-109.549569,42.052466,2008.484084
-109.55027,42.05209,2007.462672
-109.55175,42.05131,2007.5148
-109.552602,42.050772,2008.1464
-109.552721,42.050697,2008.3048
-109.55278,42.05066,2008.376
-109.552971,42.050529,2007.9044
-109.55388,42.04991,2006.324
-109.554055,42.049764,2007.4476
-109.554397,42.049483,2008
-109.55457,42.04934,2007.341952
-109.55483,42.04913,2006.948784
-109.554904,42.049062,2006.753422
-109.55619,42.0479,2006.03904
-109.556369,42.047734,2005.7708
-109.556853,42.047287,2005.591139
-109.557957,42.046265,2005.446
-109.561273,42.0432,2013.216944
-109.56175,42.04276,2011.7192
-109.56225,42.042294,2011.92584
-109.562376,42.042177,2011.536526
-109.562513,42.042048,2011.5804
-109.56292,42.04167,2012.464
-109.562927,42.041662,2012.46405
-109.563061,42.041529,2012.495428
-109.56391,42.04068,2011.924
-109.563914,42.040675,2011.9096
-109.56495,42.03954,2010.344
-109.565989,42.038305,2008.401239
-109.567026,42.036925,2002.020552
-109.567179,42.03674,2002.621478
-109.568259,42.035304,2005.930861
-109.570029,42.03293,2004.1044
-109.570939,42.031732,2005.70907
-109.571414,42.031131,2005.934873
-109.571907,42.030572,2006.9408
-109.572389,42.030075,2009.892108
-109.573029,42.029466,2010.982
-109.573585,42.028988,2012
-109.574374,42.028369,2010.525362
-109.574809,42.028058,2012.3124
-109.575648,42.027502,2014.677604
-109.576562,42.026917,2014.487172
-109.577545,42.026298,2016.289613
-109.57822,42.025871,2016.592
-109.580399,42.024524,2018
-109.583276,42.022679,2013.421804
-109.586179,42.020863,2008.2444
-109.587591,42.019953,2007.3276
-109.589024,42.019057,2005.8156
-109.58976,42.018586,2000.851706
-109.590447,42.018129,1997.2644
-109.591122,42.017626,1993.432181
-109.591789,42.017098,1989.908653
-109.592522,42.016431,1983.2308
-109.592914,42.016043,1985.7356
-109.593461,42.015461,1990.037248
-109.594741,42.014091,1996.643172
-109.595421,42.013432,1998.332459
-109.596131,42.01281,1998.107694
-109.597133,42.012009,2001.6788
-109.598185,42.011304,2003.69719
-109.598342,42.011215,2003.019531
-109.59888,42.010884,2004.1504
-109.599489,42.010547,2005.29494
-109.600692,42.009933,2005.5088
-109.603029,42.008828,1994.7808
-109.604827,42.007948,1999.608348
-109.605696,42.007523,2001.9172
-109.609191,42.005852,2010.148913
-109.613646,42.003691,2010.533445
-109.616028,42.002566,2008.23509
-109.621423,41.999955,2008.4076
-109.625019,41.998254,2010.5776
-109.626752,41.997407,2006.915949
-109.629713,41.995977,2006.985113
-109.632055,41.994761,2004.0544
-109.633652,41.993813,2006.527385
-109.63496,41.992987,2012.2468
-109.636107,41.992185,2013
-109.637262,41.991296,2011.618286
-109.638688,41.99016,2007.840563
-109.640684,41.988335,2003.5376
-109.642234,41.986904,1997.9576
-109.643184,41.986049,1991.5528
-109.64425,41.985245,1988.0286
-109.645553,41.984372,1984.528401
-109.646866,41.983641,1983.747986
-109.647522,41.983305,1978.804078
-109.649241,41.982615,1972.989586
-109.654241,41.980836,1967.462231
-109.663896,41.977553,1959.804316
-109.665077,41.977152,1960.53
-109.666233,41.976756,1961.998964
-109.673789,41.974169,1954.988579
-109.675542,41.973436,1954.4672
-109.675927,41.973274,1953.195626
-109.678102,41.972079,1950.8328
-109.679775,41.970899,1951.145084
-109.682608,41.968809,1958.165162
-109.685097,41.967421,1950.681088
-109.687436,41.966543,1950.6756
-109.689945,41.965825,1949.802
-109.694044,41.964597,1945.5676
-109.697198,41.963384,1949.849411
-109.700245,41.961932,1954.5564
-109.703163,41.9604,1956.76
-109.705459,41.95906,1955.634522
-109.708377,41.957432,1957.674965
-109.708699,41.957279,1957.666256
-109.711081,41.95614,1958.907274
-109.712634,41.955619,1956.82902
-109.713862,41.955278,1959.999277
-109.71484,41.955053,1959
-109.715826,41.954856,1955.976886
-109.71707,41.954663,1956.217966
-109.718224,41.954533,1956.48092
-109.719909,41.95444,1957.667158
-109.724029,41.954272,1954.928468
-109.725535,41.95418,1956.103552
-109.72628,41.954111,1955.2004
-109.727011,41.95402,1957.182509
-109.728449,41.953798,1955.225446
-109.729618,41.95355,1953.202544
-109.730569,41.953291,1951.937024
-109.73141,41.953055,1951.996
-109.732503,41.952707,1951.252048
-109.734735,41.951776,1947.3476
-109.742669,41.948303,1949.042763
-109.744478,41.947511,1950
-109.746236,41.946719,1949.283086
-109.747645,41.945916,1946.044
-109.749349,41.944678,1946.1536
-109.752263,41.942481,1937.058359
-109.754135,41.940991,1937.1564
-109.755381,41.940022,1933.108631
-109.759795,41.936655,1927.665004
-109.761614,41.935167,1930.075612
-109.763099,41.93368,1931.038787
-109.763753,41.932916,1930.265026
-109.764724,41.931505,1930.421725
-109.766885,41.927666,1931.121086
-109.768333,41.92501,1929.9652
-109.769173,41.923531,1931.281824
-109.769659,41.922619,1936.875696
-109.770079,41.921952,1934.662129
-109.770304,41.921466,1932.748605
-109.770771,41.920652,1934.7756
-109.772536,41.917435,1934.234
-109.773162,41.916364,1933.4728
-109.774394,41.914126,1936.8184
-109.776729,41.909935,1930
-109.77842,41.906849,1933.796003
-109.779233,41.905417,1929.9976
-109.780867,41.903054,1930.0056
-109.781288,41.902512,1931.34751
-109.786012,41.897497,1930.346
-109.793629,41.889973,1927.87746
-109.797072,41.887574,1915.336869
-109.802269,41.884694,1912.017691
-109.80779,41.881838,1914.216739
-109.808938,41.881257,1914.3032
-109.810156,41.880634,1916.158596
-109.81194,41.879722,1919.9656
-109.814174,41.878904,1920
-109.816774,41.878358,1917.934488
-109.819085,41.877946,1922.195646
-109.826455,41.876629,1921.1356
-109.850195,41.872388,1923.476646
-109.852187,41.872032,1923.1268
-109.854238,41.871323,1923.628974
-109.856142,41.870205,1920.648531
-109.858502,41.868044,1923.6488
-109.864934,41.87163,1925.868
-109.869852,41.874392,1934.8112
-109.870832,41.874953,1934.173188
-109.872517,41.875898,1937.218553
-109.875701,41.877703,1936.2544
-109.877545,41.878724,1936.162
-109.881547,41.880961,1938.342404
-109.893038,41.887399,1944.91382
-109.903568,41.893285,1949.826
-109.904996,41.894059,1946.617981
-109.905903,41.894573,1948.65327
-109.910386,41.89711,1950.157398
-109.916598,41.900604,1952.621512
-109.92251,41.903878,1954.962211
-109.925282,41.905443,1954.5796
-109.931731,41.909052,1956.4128
-109.933823,41.910222,1953.81043
-109.937047,41.91203,1957.9852
-109.941559,41.914561,1971
-109.951451,41.920094,1989.4472
-109.956268,41.922776,1999.567585
-109.964636,41.927461,2004
-109.965299,41.927907,2002.429659
-109.972141,41.932802,2002
-109.975961,41.935479,2004.126666
-109.976707,41.935946,2002
-109.978241,41.936776,2002.548
-109.979453,41.937387,2002.425071
-109.983589,41.93955,1981.559504
-109.985488,41.940535,1979.034803
-109.986675,41.941095,1976.028
-109.987859,41.941545,1969.7076
-109.988406,41.94176,1969.173702
-109.989168,41.942004,1973.355771
-109.990241,41.942308,1970.849685
-109.991491,41.942594,1970.418396
-109.992526,41.942802,1972.998238
-109.99376,41.942978,1973.944749
-110.00171,41.943824,1978.4672
-110.003824,41.94407,1976.847693
-110.004494,41.94419,1977.0944
-110.005181,41.94433,1979.0636
-110.005809,41.944493,1979.6504
-110.006597,41.944761,1978.825388
-110.007514,41.945124,1978.626499
-110.008249,41.945503,1978.624559
-110.012772,41.947905,1977.530726
-110.013716,41.948396,1980.292413
-110.015191,41.949138,1979.61384
-110.016097,41.949588,1980
-110.016838,41.949924,1979.442356
-110.017986,41.950326,1980.793069
-110.018925,41.95065,1983.34
-110.019976,41.950953,1984.052
-110.024965,41.952219,1986.0232
-110.033264,41.954276,1993.455043
-110.035055,41.954723,1995
-110.036117,41.955018,1997.936574
-110.03777,41.955529,1997.070277
-110.041069,41.956562,1993.5284
-110.046459,41.958247,2002.5048
-110.047318,41.958517,2003.6716
-110.049663,41.959271,2000.706722
-110.051588,41.959861,2005.2164
-110.052828,41.960268,2002.9248
-110.053466,41.960523,2001.5948
-110.054303,41.960962,2001.810139
-110.054963,41.961357,2002.752
-110.05559,41.96182,2009.124
-110.056068,41.962246,2007.0696
-110.056534,41.962681,2004.826
-110.056926,41.963144,2002.6816
-110.057318,41.963643,2001.579983
-110.057677,41.964237,1999.969461
-110.058096,41.965082,1992.495562
-110.058519,41.9661,1993.6684
-110.059238,41.967879,1991.364778
-110.059646,41.969015,1994.396178
-110.060531,41.971532,1984.1464
-110.060956,41.972745,1976.065891
-110.061234,41.973394,1976.8792
-110.06155,41.974424,1976.0736
-110.061641,41.974918,1980.087124
-110.061684,41.975556,1988.0639
-110.061679,41.976242,1990.9424
-110.061638,41.977018,1989.8968
-110.061533,41.978507,1990.3748
-110.06149,41.979769,1990
-110.061561,41.979853,1990
-110.061652,41.979961,1990
-110.0618,41.980038,1990.065664
-110.062015,41.980086,1990.3096
-110.062261,41.9801,1990.270656
-110.063296,41.979808,1992.7312
-110.063712,41.979678,1994.057821
-110.068653,41.978265,2010.283097
-110.06928,41.97809,2012.752
-110.070024,41.977857,2014
-110.070406,41.977714,2013.982367
-110.071012,41.977488,2016.5568
-110.072105,41.977038,2013.05693
-110.07262,41.97679,2013.684192
-110.07352,41.97634,2009.094272
-110.0746,41.975797,2006.8692
-110.075573,41.975302,2007.918276
-110.076304,41.974916,2009.907587
-110.077068,41.974541,2012.387388
-110.078685,41.973684,2015.7376
-110.079031,41.973513,2015.6468
-110.079638,41.973215,2014.148
-110.080632,41.972725,2013
-110.083368,41.971324,2019
-110.096215,41.964748,2028
-110.097416,41.964133,2022.144549
-110.098056,41.963798,2020.673324
-110.0987,41.963471,2019.1756
-110.099493,41.963128,2016.954412
-110.100377,41.962825,2014.6428
-110.101199,41.962634,2013.7988
-110.102379,41.962442,2012.2268
-110.1029,41.962371,2011.739936
-110.10428,41.962347,2010.734074
-110.114299,41.962643,1999
-110.125711,41.963047,2005.511564
-110.126275,41.963064,2005.042864
-110.137718,41.963414,1985.862306
-110.142985,41.963593,1984.048639
-110.148492,41.963766,1988.5576
-110.153878,41.963942,2001.007495
-110.160147,41.964149,2002.402
-110.167059,41.96438,2003.672323
-110.203723,41.96557,2020.104
-110.204834,41.965606,2020.7792
-110.207622,41.9657,2015.52
-110.207957,41.965726,2014.9684
-110.208297,41.965763,2013.8776
-110.208787,41.965839,2013.0408
-110.209266,41.965942,2014.251307
-110.209663,41.966045,2013.2132
-110.210091,41.966182,2013
-110.210431,41.966305,2012.4484
-110.210788,41.966457,2011.123183
-110.211086,41.966605,2010.0904
-110.211454,41.966798,2010.2344
-110.211784,41.967,2010.6
-110.212079,41.967201,2009.1528
-110.21242,41.967464,2008.749325
-110.212695,41.967707,2010.62607
-110.212852,41.967859,2011.052929
-110.213101,41.968098,2012.188598
-110.213202,41.968194,2012.789956
-110.232371,41.957064,2038.966
-110.241928,41.951511,2045.413576
-110.244304,41.950128,2043.72738
-110.247248,41.948294,2046.044
-110.2482,41.94771,2048.244
-110.249165,41.947141,2049
-110.251106,41.946011,2049
-110.252722,41.945074,2052.0656
-110.259763,41.940983,2057
-110.263457,41.938838,2061
-110.264365,41.938309,2060.6264
-110.265145,41.93782,2060.072656
-110.271981,41.933174,2061.943886
-110.273088,41.932428,2064.1168
-110.283118,41.925621,2074
-110.286495,41.923323,2079.382
-110.295989,41.916888,2084.910673
-110.297733,41.915705,2089.925526
-110.298424,41.91523,2090.172
-110.29894,41.914888,2090.513011
-110.29936,41.914632,2091.226061
-110.299713,41.914439,2093.024949
-110.300067,41.914254,2096.132633
-110.30047,41.914068,2097.7104
-110.300807,41.913933,2099.443854
-110.301164,41.913795,2100.1904
-110.301561,41.913659,2100.893181
-110.301966,41.913535,2102.295262
-110.302405,41.913416,2103.600621
-110.302814,41.913318,2103.876798
-110.303238,41.913231,2104.0252
-110.304941,41.912937,2113.239052
-110.305444,41.912834,2117.1968
-110.305943,41.912711,2118.2404
-110.306381,41.912589,2118.6796
-110.306855,41.912438,2119.079459
-110.30726,41.912292,2120.8848
-110.307687,41.912123,2122.549466
-110.308084,41.911949,2123.001679
-110.308401,41.911795,2121.404514
-110.308886,41.911537,2121.517945
-110.310619,41.910523,2123.201632
-110.316901,41.906835,2131.849622
-110.32265,41.90346,2140.08
-110.335554,41.895873,2156.7144
-110.336194,41.895539,2157.0596
-110.336583,41.895355,2157.722
-110.336914,41.895208,2158.278732
-110.337332,41.895051,2157.8164
-110.33771,41.894921,2158
-110.338223,41.894761,2157.033849
-110.338675,41.894639,2156.838908
-110.339163,41.894523,2156.996267
-110.339577,41.894439,2157.0196
-110.340669,41.894228,2158.240175
-110.348461,41.892688,2174.3232
-110.348984,41.892569,2176.008948
-110.34951,41.892433,2178.2412
-110.350257,41.892219,2178.001735
-110.351025,41.891986,2177.747176
-110.357437,41.89001,2190.817365
-110.364337,41.887877,2184.290635
-110.364931,41.887688,2184.782
-110.365374,41.887557,2185.685719
-110.365808,41.887439,2186.489628
-110.366325,41.887302,2187.77
-110.366841,41.887176,2188
-110.367293,41.887074,2188.907239
-110.367776,41.886978,2191.113627
-110.373163,41.885967,2212.068672
-110.373742,41.885861,2215.994263
-110.374212,41.885783,2216.296828
-110.374704,41.885717,2219.45
-110.375089,41.885673,2221.6408
-110.375604,41.885638,2225.122638
-110.376076,41.885622,2225.969765
-110.37661,41.885616,2227
-110.377153,41.885638,2226.370763
-110.37764,41.885674,2225.137306
-110.378028,41.885713,2226.0344
-110.378462,41.885768,2226.7648
-110.378901,41.885838,2226.983932
-110.380189,41.886074,2227.5992
-110.381127,41.886249,2227.971194
-110.383961,41.886778,2233.2596
-110.385356,41.887045,2234.2816
-110.386163,41.887216,2237.1644
-110.387323,41.887504,2237.005224
-110.399429,41.890608,2258.856303
-110.399994,41.890755,2258.557909
-110.400618,41.890907,2256.635966
-110.401223,41.891036,2258.108917
-110.401724,41.891128,2257.745349
-110.402341,41.891232,2255.5724
-110.402923,41.891316,2255.013965
-110.403448,41.89138,2255.064
-110.404014,41.891439,2254.900852
-110.40465,41.891495,2254.382
-110.405185,41.891526,2255
-110.405838,41.891548,2256.014354
-110.406529,41.891561,2257.952674
-110.40713,41.891559,2258.1628
-110.407838,41.89154,2256.714278
-110.40784,41.89154,2256.707712
-110.408498,41.891501,2256
-110.409149,41.891451,2254.112979
-110.409697,41.891397,2253
-110.410347,41.891317,2253.0096
-110.410982,41.89122,2253
-110.41144,41.891143,2253.048077
-110.41212,41.891019,2253.245971
-110.41264,41.890909,2250.35289
-110.413257,41.890763,2249.4848
-110.413759,41.890635,2253.2464
-110.414333,41.890473,2255.420837
-110.414848,41.890316,2253.8224
-110.415459,41.890114,2255.509745
-110.415919,41.889952,2257.3456
-110.416506,41.889727,2258.990052
-110.417097,41.889486,2260.08216
-110.417677,41.889228,2259.717306
-110.418202,41.888976,2262.2136
-110.422879,41.886632,2264.431477
-110.426084,41.885022,2260.22987
-110.437988,41.879078,2253.6808
-110.438391,41.878875,2254.01038
-110.448071,41.874041,2229.542307
-110.4508,41.872676,2222.442432
-110.455432,41.870358,2227
-110.456109,41.870014,2227
-110.456751,41.869697,2229.82
-110.457118,41.869529,2232.119389
-110.457615,41.869315,2233.703076
-110.458049,41.869146,2235.782156
-110.458477,41.868997,2236.5172
-110.458922,41.868847,2238.1508
-110.459366,41.868712,2238.897432
-110.459857,41.86858,2238.224
-110.460414,41.868444,2239.103551
-110.460813,41.868361,2239
-110.461227,41.868279,2240.309596
-110.461647,41.868204,2239.600329
-110.462233,41.868117,2238.991417
-110.462786,41.868056,2238.998447
-110.463205,41.868015,2238.921452
-110.46376,41.867978,2239.107149
-110.464361,41.867953,2238.9312
-110.464945,41.86795,2234.636
-110.465461,41.867962,2232.6668
-110.465982,41.867978,2231.055828
-110.466468,41.86801,2231.046707
-110.466981,41.868058,2230.8684
-110.467413,41.86811,2229.865387
-110.467795,41.868166,2228.527702
-110.46821,41.868236,2228.010778
-110.468688,41.868327,2228.9544
-110.469142,41.868423,2228.4116
-110.46968,41.868545,2226.267824
-110.470273,41.868701,2224.3408
-110.471007,41.868931,2223.73482
-110.471655,41.869159,2222.040841
-110.47207,41.869324,2221.762387
-110.472482,41.869497,2222.01226
-110.473014,41.869744,2222.783729
-110.47348,41.869973,2222.1944
-110.477142,41.871995,2209.947438
-110.479975,41.873556,2209.2168
-110.480425,41.873801,2209.438184
-110.480858,41.874033,2206.489669
-110.481267,41.874221,2205.950459
-110.481644,41.874364,2204.1584
-110.481965,41.874469,2202.9712
-110.482322,41.874574,2204.593931
-110.482643,41.874654,2205.2456
-110.482959,41.874712,2203.756008
-110.483386,41.874776,2202.959293
-110.483764,41.874818,2203.3104
-110.484149,41.874843,2201.786853
-110.484534,41.874849,2200.2212
-110.4849,41.87484,2199.20736
-110.485207,41.874823,2199.204483
-110.485624,41.874779,2201.336436
-110.486035,41.874718,2201.3196
-110.486429,41.874639,2200.3104
-110.486852,41.874534,2198.688
-110.487279,41.8744,2196.358496
-110.487703,41.874238,2195.698869
-110.488175,41.874023,2194.6916
-110.488607,41.873793,2193.085109
-110.49067,41.872619,2191.016901
-110.492105,41.871818,2190.1792
-110.492538,41.871584,2187.689512
-110.492992,41.871359,2186.365419
-110.493462,41.87115,2185.421552
-110.494017,41.87092,2186.372989
-110.494575,41.870709,2185.6796
-110.495122,41.870528,2184.8016
-110.495717,41.870354,2181.938119
-110.496245,41.870217,2180.8256
-110.49678,41.870091,2181.116461
-110.497456,41.869962,2180.4312
-110.498249,41.869842,2179.820625
-110.498818,41.869769,2178.885824
-110.499415,41.869717,2176.9248
-110.50383,41.86949,2173.785232
-110.504417,41.869468,2173.514422
-110.504936,41.869465,2174.00865
-110.505456,41.869473,2171.7696
-110.505975,41.869499,2171.7856
-110.506528,41.869548,2170.549302
-110.506996,41.8696,2169.592128
-110.507664,41.869699,2169.8328
-110.508183,41.869798,2170.0868
-110.508804,41.869936,2169.00479
-110.509383,41.870088,2166.689124
-110.511389,41.870671,2163.000166
-110.512679,41.871036,2163.0852
-110.513245,41.871196,2162.2348
-110.513808,41.871328,2162.5616
-110.51544,41.871618,2163.0584
-110.518719,41.872187,2159.687698
-110.519263,41.872263,2156.69589
-110.519739,41.872307,2154.6104
-110.520162,41.872321,2153.752186
-110.520629,41.872317,2151.668987
-110.521107,41.872293,2152.228971
-110.521633,41.872235,2153.9708
-110.522102,41.872153,2155.282692
-110.522449,41.872079,2156.426664
-110.522789,41.871992,2156.356233
-110.523167,41.871879,2157.060032
-110.523557,41.871741,2156.768415
-110.523972,41.871563,2156.688831
-110.524301,41.871409,2155.058476
-110.524387,41.87136,2154.598214
-110.524635,41.87122,2156.421824
-110.524915,41.871054,2161.095714
-110.525251,41.870812,2164.316204
-110.525535,41.870596,2160.502426
-110.525786,41.870368,2157.414254
-110.526109,41.870044,2154.850404
-110.526413,41.869692,2151.034556
-110.52663,41.869372,2151.143974
-110.526838,41.869013,2151.7664
-110.526991,41.868699,2148.614
-110.527125,41.868349,2147.97386
-110.52722,41.868034,2150.031379
-110.527281,41.867669,2149.139325
-110.527309,41.867335,2148.0936
-110.527316,41.866884,2146.2272
-110.527239,41.865004,2149.75753
-110.527226,41.864472,2150.821898
-110.527241,41.863965,2153.095478
-110.527281,41.863519,2155.2736
-110.527342,41.863086,2155.7344
-110.527428,41.862653,2156.030735
-110.528769,41.857082,2150.817072
-110.528884,41.856527,2154.107951
-110.528971,41.855987,2155.389926
-110.52905,41.855337,2153.225888
-110.529569,41.849486,2142.2064
-110.529597,41.849085,2142.254
-110.529608,41.84871,2141.941626
-110.529603,41.848318,2142.083292
-110.52957,41.847888,2145.317754
-110.529528,41.847524,2148.481211
-110.529486,41.847263,2147.498877
-110.529421,41.846942,2148.3868
-110.529328,41.846558,2144.695191
-110.528465,41.843201,2146.1488
-110.528395,41.842911,2144.2932
-110.528335,41.842637,2143.472159
-110.528276,41.842245,2140.32615
-110.528251,41.841906,2136.729378
-110.528259,41.841624,2133.6492
-110.528296,41.841244,2132.473303
-110.528394,41.84082,2132.467834
-110.528486,41.84051,2133.744
-110.528632,41.840137,2136.0828
-110.528837,41.839723,2138.920523
-110.529065,41.839357,2134.949617
-110.529493,41.838771,2129.048985
-110.529554,41.838692,2128.725151
-110.529859,41.838302,2126.256
-110.530184,41.837874,2124.6576
-110.530379,41.837542,2123.700503
-110.530576,41.837163,2123.294892
-110.530722,41.836784,2125.902098
-110.530815,41.836484,2131.690003
-110.530895,41.836116,2139.782429
-110.530936,41.835682,2139.808558
-110.53092,41.835239,2139.483555
-110.530864,41.834844,2139.934799
-110.530728,41.83435,2139.305728
-110.530403,41.833466,2140.6744
-110.530165,41.832818,2140.260811
-110.530028,41.832406,2139.4808
-110.52989,41.831949,2136.646189
-110.528972,41.828468,2145.9584
-110.528509,41.826675,2144.806228
-110.527925,41.824452,2155.919984
-110.527852,41.824104,2155.093361
-110.5278,41.823727,2156.528528
-110.52778,41.823275,2158.75968
-110.527816,41.822861,2158.191225
-110.52789,41.822427,2154.560571
-110.528027,41.82198,2150.5392
-110.528162,41.821645,2149.7012
-110.528322,41.821311,2150.45504
-110.528573,41.820905,2149.654
-110.52886,41.820523,2148.7544
-110.529244,41.820102,2145.314743
-110.530657,41.818813,2130.830745
-110.531078,41.818383,2130.446626
-110.531426,41.817976,2132.649463
-110.531708,41.817581,2133.21861
-110.531954,41.817198,2130.9282
-110.532142,41.816842,2129.079419
-110.53232,41.816461,2128.516179
-110.532468,41.816068,2126.1904
-110.532602,41.815601,2125.264074
-110.532703,41.815055,2122.2748
-110.532745,41.814536,2121.841814
-110.532749,41.814172,2119.658011
-110.532708,41.813706,2117.77381
-110.532553,41.81263,2116.7048
-110.532516,41.812257,2116.719212
-110.532509,41.811882,2116.6132
-110.532537,41.811422,2113.689723
-110.532616,41.810991,2112.09257
-110.532708,41.810634,2111.7224
-110.53286,41.810255,2110.572
-110.533127,41.809749,2110.718006
-110.533577,41.809061,2110.456487
-110.534136,41.808231,2108.040671
-110.534524,41.80766,2107.411034
-110.534898,41.80711,2107
-110.535051,41.806816,2106.915103
-110.535217,41.80642,2106.2188
-110.535342,41.805955,2107.432066
-110.535416,41.805483,2107
-110.535467,41.804908,2107.105587
-110.535507,41.804347,2107
-110.535516,41.80427,2107
-110.53559,41.803651,2105.0196
-110.53577,41.80303,2105
-110.535924,41.802671,2105.7688
-110.536109,41.802324,2106.3664
-110.536411,41.801858,2105.054828
-110.536591,41.801643,2104.976792
-110.536759,41.801472,2105
-110.537148,41.801088,2105.7328
-110.537529,41.800761,2105.7396
-110.538318,41.800194,2108.229752
-110.539373,41.7994,2113.174896
-110.539777,41.799086,2113.347667
-110.540106,41.79883,2116.1872
-110.540354,41.798641,2119.088725
-110.540558,41.798552,2120.219727
-110.540647,41.798538,2120.505755
-110.540737,41.798545,2120.735738
-110.54082,41.798565,2120.959968
-110.540885,41.798603,2121.186
-110.541009,41.798702,2121.6324
-110.541097,41.798829,2121.9492
-110.541384,41.799256,2120.696
-110.541667,41.799626,2119.040816
-110.541745,41.799685,2118.721788
-110.541779,41.799711,2118.541938
-110.541922,41.799783,2118.280479
-110.542123,41.799852,2118.2412
-110.543462,41.800174,2119.4944
-110.544795,41.800499,2117.761057
-110.545806,41.800714,2114.471873
-110.546649,41.800868,2112.1248
-110.547144,41.800945,2114.5224
-110.547311,41.800969,2115.140307
-110.547694,41.801025,2115.69
-110.548617,41.801115,2116.020903
-110.549528,41.801176,2116.603067
-110.55228,41.801253,2117.872154
-110.553446,41.801283,2117.013385
-110.553719,41.80129,2117.7444
-110.554052,41.80129,2118.9432
-110.554761,41.801273,2118.2776
-110.555795,41.801177,2118
-110.556691,41.801036,2117.8172
-110.557543,41.800845,2120
-110.558184,41.80065,2120.66
-110.559188,41.800286,2121.9704
-110.565777,41.797897,2136.025842
-110.572909,41.795258,2144.1424
-110.573243,41.795121,2145.1288
-110.57402,41.794766,2146.2128
-110.57464,41.794434,2146.28487
-110.575243,41.794054,2147.331181
-110.575905,41.793559,2149.602801
-110.576229,41.793394,2148.390222
-110.576547,41.793248,2147.1688
-110.576788,41.793165,2146.1692
-110.577018,41.793106,2146.0832
-110.577234,41.793076,2146.9688
-110.577528,41.793061,2148.180024
-110.577785,41.793075,2149.88418
-110.578005,41.793103,2150.336686
-110.578364,41.793182,2147.9792
-110.578848,41.793299,2146.141794
-110.579254,41.793434,2144.886061
-110.579739,41.793584,2144.847895
-110.580275,41.793723,2143.005972
-110.580855,41.793851,2142
-110.582377,41.794189,2140.9196
-110.583112,41.794358,2142.892
-110.585783,41.794926,2146.600672
-110.588417,41.795509,2150.050481
-110.589341,41.795763,2148.943417
-110.590228,41.796033,2145.5624
-110.59106,41.796303,2146
-110.591929,41.796642,2146.9444
-110.593816,41.797526,2154.069039
-110.594727,41.798018,2155.118
-110.596158,41.798915,2157.937734
-110.597523,41.799932,2161.838
-110.599991,41.801909,2173.123466
-110.603324,41.80461,2180.053626
-110.604484,41.805469,2176.759572
-110.605617,41.806174,2170.0104
-110.606777,41.806799,2167.889974
-110.60795,41.807343,2161.464376
-110.608763,41.807694,2159.058
-110.609614,41.808021,2152.2652
-110.610993,41.808464,2148.086758
-110.612559,41.808866,2137.770098
-110.61476,41.809284,2137.2672
-110.61654,41.809624,2131.2048
-110.617367,41.809805,2129.0748
-110.618235,41.810049,2127.2372
-110.619091,41.810354,2127.895947
-110.619864,41.810685,2125.9556
-110.621436,41.811387,2125.8236
-110.624723,41.812861,2126.998039
-110.626498,41.813675,2122.369656
-110.627077,41.813921,2121.754
-110.627904,41.814271,2122.2968
-110.628812,41.81462,2117.451738
-110.629594,41.814873,2114.0088
-110.630371,41.81511,2111.779902
-110.631671,41.815442,2111.937555
-110.632821,41.815686,2110.33573
-110.634064,41.815883,2110.018716
-110.635322,41.816028,2109.990833
-110.636145,41.816089,2108.831089
-110.63691,41.81612,2109.096
-110.640976,41.816217,2102.906
-110.642074,41.816219,2100.3565
-110.643143,41.81619,2100.960197
-110.646721,41.816049,2093.938
-110.652489,41.815821,2086.916
-110.661024,41.815482,2073.504641
-110.661886,41.81544,2072.584
-110.662735,41.815372,2075.626163
-110.663411,41.815301,2077.1672
-110.663988,41.815222,2076.5984
-110.664654,41.815121,2077.092833
-110.665324,41.815006,2079.350806
-110.666278,41.814796,2080.824372
-110.666884,41.814645,2082.165907
-110.667493,41.814478,2081.2416
-110.667984,41.814336,2081.5712
-110.668616,41.814134,2082.68033
-110.672436,41.812754,2080.5128
-110.673017,41.812549,2079.5292
-110.673587,41.812364,2079.891503
-110.674089,41.812221,2078.69963
-110.674604,41.812093,2077.980811
-110.675404,41.811917,2079.6048
-110.682729,41.810348,2065.594
-110.683374,41.810217,2062.646832
-110.683939,41.810119,2062.296567
-110.684667,41.810006,2061.913494
-110.687626,41.809605,2061.258362
-110.68977,41.809309,2057.478133
-110.690349,41.809239,2054.0456
-110.691162,41.809202,2047.302297
-110.691894,41.809227,2045.3988
-110.69256,41.809286,2042.784
-110.693183,41.809385,2041.786
-110.693823,41.809543,2041.729359
-110.694448,41.80975,2039.78848
-110.694983,41.809968,2038.00705
-110.695953,41.81042,2038.21023
-110.696288,41.810583,2037.937084
-110.701601,41.813125,2035.9409
-110.701914,41.813273,2036.8904
-110.702246,41.813417,2035.4832
-110.702595,41.813557,2036.006978
-110.702949,41.813694,2038.2328
-110.70335,41.813835,2040.01164
-110.703736,41.813961,2039.0312
-110.704135,41.81408,2037.900432
-110.704586,41.814202,2037.317579
-110.705052,41.814311,2036.285862
-110.705554,41.81442,2033.182093
-110.705964,41.814499,2032.4704
-110.7064,41.814566,2034
-110.70682,41.814625,2033.6412
-110.70758,41.814718,2032
-110.715111,41.815648,2027.6004
-110.7156,41.815709,2026.911616
-110.71603,41.815757,2026.9828
-110.716388,41.815791,2027.997288
-110.716734,41.815819,2027.706
-110.717115,41.815847,2027.682191
-110.717517,41.815871,2028.1968
-110.718058,41.815896,2029.2168
-110.71855,41.815912,2028.2832
-110.719598,41.815932,2027.4472
-110.720512,41.815925,2026.608256
-110.723195,41.815821,2026.479711
-110.727093,41.815658,2026.3688
-110.739011,41.815162,2029.4168
-110.743405,41.814979,2033.29459
-110.747115,41.814822,2029.247349
-110.747862,41.814797,2027.778421
-110.74858,41.814787,2027
-110.749168,41.814788,2027.527537
-110.749864,41.814803,2028.9288
-110.750474,41.814829,2028.6156
-110.751116,41.814865,2028.486
-110.751853,41.814919,2027.3292
-110.765833,41.816367,2018.9212
-110.767046,41.816485,2022.760898
-110.768228,41.816591,2021.820706
-110.769834,41.816708,2022.8512
-110.770943,41.816771,2024.2488
-110.77201,41.816823,2025.4372
-110.773979,41.8169,2022.6756
-110.802465,41.817523,2015.7516
-110.802679,41.817528,2015.6976
-110.803248,41.817551,2015.4492
-110.803662,41.817581,2015.1252
-110.803948,41.817611,2015.141765
-110.804186,41.817642,2016.05882
-110.804448,41.817684,2016.679521
-110.80471,41.817737,2014.918341
-110.804943,41.817797,2014.408
-110.805167,41.817861,2013.98372
-110.805382,41.817934,2014.102588
-110.805583,41.818013,2014.329536
-110.805799,41.818105,2015.9716
-110.806013,41.818199,2017.682777
-110.806312,41.818359,2019.179576
-110.80664,41.818559,2019.989181
-110.806966,41.818791,2016.9744
-110.807156,41.818926,2014.75345
-110.807368,41.819124,2012.940191
-110.807529,41.819291,2013.439882
-110.807713,41.819518,2012.157654
-110.807842,41.819713,2010.353828
-110.807953,41.819915,2011.399474
-110.808037,41.820135,2013.0776
-110.808062,41.820228,2014.245115
-110.808108,41.820396,2016.3248
-110.80816,41.820627,2019.2768
-110.808178,41.82083,2022.0704
-110.808238,41.82124,2024.42009
-110.808264,41.821581,2023.075377
-110.808349,41.822872,2016.908662
-110.808375,41.823195,2016.0287
-110.808436,41.823486,2015.556136
-110.80851,41.823746,2014.2472
-110.808635,41.824043,2013.646062
-110.808809,41.824342,2012.644067
-110.809016,41.824624,2014.209807
-110.809212,41.82484,2015.4672
-110.809441,41.825052,2015.7984
-110.809684,41.825243,2015.0496
-110.809951,41.825421,2013.187144
-110.810286,41.825606,2014.035775
-110.81066,41.82577,2015.737728
-110.810966,41.825878,2015.860804
-110.81139,41.825994,2012.884
-110.811752,41.826064,2011.5376
-110.812159,41.826108,2008.635451
-110.812538,41.826123,2006.105745
-110.812874,41.826115,2004.11685
-110.813205,41.826093,2004.372522
-110.813486,41.826052,2004.244645
-110.813823,41.825985,2002.4212
-110.814072,41.825923,2000.84479
-110.814376,41.825829,1998.238712
-110.814659,41.825719,1998.31792
-110.814913,41.825605,1999.38655
-110.81515,41.825481,2001.203464
-110.815433,41.825316,2002.635691
-110.815765,41.825112,2002.5604
-110.817657,41.823907,2001.036851
-110.818046,41.823702,2000.643144
-110.818455,41.823525,2001.72466
-110.818854,41.823387,2005.506934
-110.819256,41.823286,2009.334801
-110.819653,41.823215,2010.088641
-110.82013,41.82318,2011.688
-110.820582,41.823186,2012.186212
-110.820921,41.823217,2011.650853
-110.821287,41.823283,2012.662592
-110.821652,41.823362,2011.697902
-110.822101,41.823493,2010.319243
-110.822537,41.823661,2007.9504
-110.82397,41.824239,2003.223816
-110.824412,41.82439,2002.006522
-110.824933,41.824518,1998.04027
-110.825314,41.824579,1996.0312
-110.825568,41.824596,1995.9088
-110.825784,41.824612,1995.7936
-110.826207,41.824617,1995.0336
-110.826727,41.824582,1993.902043
-110.827069,41.824532,1993.747336
-110.827379,41.82447,1993.303525
-110.828091,41.824291,1994.079914
-110.833012,41.822901,2003.113287
-110.833495,41.822785,2006.191736
-110.833948,41.822704,2006.5568
-110.834302,41.822658,2006.519358
-110.83461,41.822629,2007.2292
-110.834954,41.822615,2008.705358
-110.835342,41.822622,2009.168857
-110.835683,41.82264,2008.619059
-110.835955,41.822668,2006.9196
-110.836215,41.8227,2004.64872
-110.836527,41.822756,2001.99902
-110.836829,41.822823,2001.26806
-110.837206,41.822927,2002.057372
-110.837542,41.823038,1999.776623
-110.837877,41.823161,1998.209207
-110.838315,41.823338,1998.320035
-110.840121,41.824103,1989.43504
-110.840511,41.824266,1988.460641
-110.840878,41.824404,1988.137388
-110.841177,41.824501,1989.014694
-110.841515,41.824605,1989.156
-110.841891,41.824708,1989.8976
-110.842232,41.824785,1991.179466
-110.842637,41.824857,1991.180101
-110.843092,41.82492,1993.272
-110.843651,41.824976,1995.469193
-110.848086,41.825226,2005.839259
-110.850322,41.82535,1995.540592
-110.850962,41.825359,1997.83656
-110.851484,41.825338,1999.2864
-110.851914,41.825295,2002.3056
-110.852317,41.825222,2002.794574
-110.852703,41.825128,1999.239295
-110.853178,41.824988,1998.350243
-110.853603,41.824831,2000.3784
-110.855063,41.824232,2007.7128
-110.855467,41.824067,2008.252771
-110.855982,41.823867,2009.167305
-110.856507,41.823685,2006.794303
-110.857067,41.823514,2005.352713
-110.857551,41.823387,2004.413328
-110.858047,41.823271,2002.052
-110.858497,41.823176,1999.893446
-110.859016,41.823082,1999.461236
-110.859512,41.823004,1998.2016
-110.859896,41.822952,1997.758024
-110.860291,41.82291,1997.308942
-110.860756,41.82287,1995.452371
-110.861258,41.82284,1992.686451
-110.861728,41.822826,1994.350469
-110.862249,41.822826,1993.18173
-110.869471,41.822934,1980.071035
-110.87009,41.822944,1980.1968
-110.873672,41.823005,1972.738211
-110.875648,41.823028,1971.933814
-110.876305,41.823026,1972.8936
-110.876996,41.82301,1972.516838
-110.877555,41.822974,1970.7064
-110.878296,41.822916,1971.430077
-110.879144,41.822827,1967.9044
-110.884997,41.822079,1967.932368
-110.88573,41.821995,1975.264296
-110.886442,41.82193,1983.48343
-110.887022,41.8219,1986.175616
-110.887469,41.821894,1983.366667
-110.887925,41.821897,1978.913572
-110.888491,41.82192,1971.474749
-110.888952,41.821955,1971.219366
-110.889361,41.822002,1971.891043
-110.889835,41.822068,1969.1164
-110.89014,41.822106,1966.654547
-110.892394,41.822445,1961.075557
-110.902046,41.823834,1957.053115
-110.90325,41.823976,1956
-110.903809,41.824042,1955.680275
-110.90589,41.82428,1956.796
-110.908061,41.824523,1954.3024
-110.909988,41.824735,1953.949213
-110.916491,41.825452,1951.3728
-110.917306,41.825522,1952.1808
-110.91798,41.82556,1952.972352
-110.91867,41.825574,1951.919523
-110.919352,41.825565,1950.287485
-110.919917,41.825537,1950
-110.920362,41.825501,1949.940452
-110.920798,41.825458,1949.389055
-110.921261,41.825398,1949.5672
-110.921773,41.825314,1948.667117
-110.922915,41.825094,1947.494
-110.924518,41.824785,1946.430955
-110.941531,41.821351,1944.012582
-110.943363,41.820962,1937.4632
-110.944438,41.820713,1938.98995
-110.945408,41.820471,1939.816595
-110.946137,41.820274,1940.157932
-110.946873,41.820055,1941.7328
-110.947368,41.8199,1940.255872
-110.948232,41.819623,1938.869693
-110.949117,41.819318,1938.99219
-110.949902,41.819036,1939.6472
-110.950692,41.818729,1939.131535
-110.959632,41.815208,1932.7488
-110.960371,41.814917,1931.7012
-110.963125,41.813832,1934.1988
-110.964578,41.813268,1935.132516
-110.965257,41.813014,1932.28801
-110.965914,41.812792,1932.080937
-110.966563,41.812611,1931.449269
-110.967156,41.812469,1931.65
-110.9677,41.812352,1932.6544
-110.968236,41.812255,1933.926947
-110.968801,41.812177,1933.6744
-110.969359,41.812115,1931.991733
-110.969881,41.812066,1931
-110.970391,41.812037,1931
-110.970943,41.812025,1932.089292
-110.971546,41.812028,1933.468
-110.972022,41.812043,1933.506
-110.972572,41.812075,1931.818176
-110.973137,41.81212,1932.264
-110.973655,41.812186,1932.7392
-110.974111,41.812247,1933.338924
-110.974526,41.81232,1932.907706
-110.975046,41.812422,1931.5575
-110.977698,41.813068,1932.606333
-110.978181,41.813196,1930.054
-110.978663,41.813332,1929.991297
-110.979162,41.813495,1930.582
-110.979601,41.813666,1933.7612
-110.979995,41.813835,1933.032508
-110.980386,41.814021,1931.881694
-110.980831,41.81425,1931.3084
-110.981183,41.814458,1931.9364
-110.98151,41.814666,1933.406646
-110.981807,41.814882,1933.999809
-110.981955,41.814998,1933.864674
-110.982204,41.815194,1933.944585
-110.982646,41.815588,1933.5912
-110.98298,41.815954,1932.566643
-110.983242,41.816265,1932.466245
-110.983509,41.816638,1932.566736
-110.983745,41.817008,1933.146282
-110.983953,41.817376,1933.092
-110.984122,41.817742,1932.3216
-110.984286,41.818195,1931.356459
-110.984422,41.818635,1932.2528
-110.984503,41.818993,1933.7892
-110.984548,41.81947,1932.477498
-110.984555,41.819877,1930.221034
-110.98453,41.820312,1929.900454
-110.984472,41.820768,1933.3312
-110.9843,41.821834,1933.604352
-110.984185,41.822508,1933.932099
-110.984087,41.82297,1932.9028
-110.983983,41.823381,1932.4896
-110.983863,41.823804,1932.0932
-110.983708,41.824256,1931.9808
-110.983576,41.824632,1931.492255
-110.983364,41.825131,1931.8896
-110.98314,41.825636,1932.1168
-110.982905,41.826148,1929.071978
-110.982702,41.826597,1931.090418
-110.981559,41.829125,1930.83334
-110.97796,41.837054,1914.811053
-110.976229,41.840883,1913.5756
-110.975762,41.841973,1914.8972
-110.975255,41.843312,1909
-110.974743,41.844757,1908.809365
-110.973163,41.848802,1908.6132
-110.972895,41.84954,1908
-110.972689,41.850134,1909.3196
-110.972529,41.85063,1909.972021
-110.972374,41.851195,1909.316613
-110.972261,41.851714,1908.836612
-110.972158,41.852293,1908.14869
-110.971077,41.859123,1909
-110.970902,41.860064,1909.943045
-110.970671,41.86106,1909.184
-110.970522,41.861613,1906.725461
-110.970336,41.862234,1907.799287
-110.967068,41.8726,1906
-110.966356,41.874853,1905.062657
-110.965235,41.878403,1905.286223
-110.96302,41.885419,1899.49375
-110.958848,41.898579,1897.245784
-110.957902,41.901558,1896.3912
-110.955351,41.909658,1901.7688
-110.95524,41.910117,1901.4428
-110.955144,41.910579,1901.040647
-110.955055,41.911071,1902.827009
-110.954995,41.911537,1902.4668
-110.954947,41.912077,1901.61385
-110.954926,41.912612,1902.107412
-110.954796,41.928548,1896.2656
-110.95478,41.930451,1897.493891
-110.954751,41.930918,1898.488
-110.954711,41.931368,1897.078238
-110.954653,41.931821,1897
-110.954571,41.932254,1898
-110.954503,41.93258,1898
-110.954362,41.933171,1898.2968
-110.954195,41.933746,1898.898
-110.953027,41.937468,1893.988157
-110.952925,41.937867,1896.472164
-110.952846,41.938297,1897.098676
-110.952815,41.938718,1897
-110.952805,41.939413,1896.913094
-110.952834,41.945799,1887.8764
-110.952823,41.946175,1889.0672
-110.952791,41.946513,1889.973668
-110.952726,41.94688,1890
-110.952656,41.94714,1890
-110.952547,41.947446,1890.8056
-110.952395,41.947806,1890.8984
-110.952181,41.948206,1890.69
-110.948665,41.953865,1892.086
-110.948476,41.954202,1891.4864
-110.948289,41.954589,1891.715744
-110.948147,41.954976,1890.7572
-110.948054,41.955357,1891.7148
-110.947995,41.955711,1889.443193
-110.947967,41.956029,1888.3188
-110.947956,41.956285,1888.9844
-110.947858,41.967672,1888.7112
-110.947837,41.96813,1889.898738
-110.947802,41.968403,1890.9128
-110.947733,41.968747,1891
-110.947647,41.969052,1890.689254
-110.94752,41.9694,1890.928
-110.94733,41.969784,1889.913709
-110.947002,41.970377,1888.925988
-110.946649,41.970965,1889.5896
-110.944557,41.974483,1892.5948
-110.944339,41.974885,1891.828
-110.944164,41.975286,1891.0096
-110.943998,41.97572,1891.966662
-110.943856,41.976166,1893.141796
-110.942343,41.980935,1895.7644
-110.942237,41.981319,1895.185015
-110.942165,41.981618,1895.896982
-110.942124,41.981898,1897.127278
-110.942092,41.982214,1898.499753
-110.94208,41.982573,1897.377446
-110.94206,41.98864,1889.580736
-110.942058,41.989202,1892.464
-110.94203,41.989685,1890.826
-110.941962,41.990117,1889.48898
-110.94188,41.990456,1888.5904
-110.94175,41.99083,1888.9964
-110.941573,41.991203,1887.0076
-110.941312,41.991665,1885.001661
-110.941035,41.992075,1887
-110.939478,41.994339,1888.8792
-110.939001,41.995114,1888.4104
-110.938725,41.995632,1888.887168
-110.938489,41.996127,1889.3824
-110.938222,41.996747,1889
-110.937739,41.997904,1891.2792
-110.937533,41.998411,1892.795616
-110.937439,41.998697,1892.7587
-110.937358,41.998996,1892.1256
-110.937296,41.999276,1891.3408
-110.937247,41.999577,1890.476166
-110.937216,41.999836,1889.990825
-110.937197,42.000118,1890.334
-110.937188,42.000436,1890.447549
-110.937191,42.000767,1889.3512
-110.937211,42.013467,1884.50216
-110.937205,42.013806,1885.043499
-110.937186,42.014108,1885.81634
-110.937155,42.014371,1886
-110.937114,42.014637,1886
-110.937051,42.014932,1886.175811
-110.936984,42.015182,1886.1533
-110.936911,42.015404,1885.666
-110.936837,42.015607,1885.500365
-110.936739,42.015855,1886.057689
-110.936623,42.016124,1887.007294
-110.936458,42.016453,1887.5204
-110.936323,42.016683,1887.192347
-110.936198,42.01689,1887.435709
-110.936026,42.017147,1887.494227
-110.935852,42.017381,1887.894388
-110.935689,42.017589,1887.32648
-110.934708,42.018855,1887.115754
-110.934232,42.019476,1886.8864
-110.933977,42.01985,1886.514624
-110.933757,42.020221,1885.622249
-110.933535,42.020625,1886.4315
-110.933317,42.021078,1887.051791
-110.933142,42.021503,1887.6888
-110.93301,42.021867,1888
-110.932893,42.022234,1889.5852
-110.932819,42.022516,1889.8516
-110.932768,42.022749,1890.003647
-110.932723,42.022989,1889.089649
-110.932677,42.023279,1888.124636
-110.932641,42.023565,1888.410662
-110.932612,42.023897,1890
-110.932597,42.024241,1890.348308
-110.932514,42.033316,1890.765545
-110.9325,42.033655,1892
-110.932478,42.033912,1891.8336
-110.932453,42.034107,1890.4296
-110.932425,42.034328,1890.423984
-110.93238,42.034591,1891.323523
-110.932293,42.034975,1891.768132
-110.932174,42.035424,1891.1736
-110.931867,42.036594,1892
-110.931768,42.037036,1891.879762
-110.931692,42.037492,1891.026173
-110.931639,42.037867,1890.488408
-110.9316,42.038269,1892.0084
-110.931571,42.038712,1892.582514
-110.931556,42.039154,1893.380233
-110.931521,42.040386,1892.185294
-110.931371,42.045586,1895.1096
-110.931306,42.048307,1896.838688
-110.931302,42.048443,1896.728693
-110.931377,42.055594,1887.1284
-110.931396,42.056024,1887.643228
-110.931437,42.056369,1888.582
-110.931503,42.05667,1888.18333
-110.931585,42.056966,1888.2164
-110.931697,42.057275,1887.020748
-110.931882,42.057666,1888.641481
-110.932085,42.058017,1888.919433
-110.932285,42.058307,1887.752575
-110.932556,42.058638,1888.5968
-110.932763,42.058865,1887.1064
-110.933026,42.05914,1887.818214
-110.934116,42.060228,1888.1824
-110.934574,42.060728,1888.688
-110.934902,42.061155,1888.3528
-110.935109,42.061468,1887.719356
-110.935291,42.061778,1888.324678
-110.937067,42.064913,1887.420616
-110.937351,42.065361,1886.675295
-110.937693,42.065807,1888.6
-110.938045,42.066174,1889.962
-110.938404,42.066505,1890.106339
-110.938812,42.066823,1890.844217
-110.939226,42.06712,1891.502995
-110.941567,42.068745,1891.172942
-110.943101,42.06982,1891.541987
-110.943344,42.070026,1890.965194
-110.943624,42.070284,1890.976
-110.94389,42.070576,1891
-110.944181,42.070924,1890.638842
-110.944413,42.071268,1889.499135
-110.944606,42.071618,1889
-110.944762,42.071989,1887.977031
-110.944859,42.072264,1887.5076
-110.944978,42.072652,1887.583062
-110.946217,42.07723,1888.248274
-110.946476,42.078153,1889.445611
-110.946519,42.078304,1889.056137
-110.94696,42.079932,1890.524109
-110.947036,42.080208,1891.7488
-110.947129,42.080544,1892
-110.947433,42.081641,1893.114687
-110.947495,42.081865,1891.584852
-110.947559,42.082093,1891
-110.947609,42.082276,1891.311231
-110.94767,42.082496,1892.368013
-110.947724,42.082691,1892.8812
-110.947819,42.083032,1893.7668
-110.947832,42.083082,1893.8048
-110.947948,42.083499,1892.925348
-110.948039,42.083836,1892.9404
-110.948296,42.084782,1894.813723
-110.948479,42.085463,1894.03254
-110.948535,42.085669,1895.2688
-110.948603,42.085923,1897.283252
-110.948765,42.086524,1895.4732
-110.948942,42.087188,1893.6176
-110.949183,42.08811,1893.815525
-110.949252,42.088357,1893.3072
-110.949299,42.088529,1893.4764
-110.949732,42.090069,1894.2132
-110.950239,42.091595,1895.361583
-110.950758,42.093091,1894.5264
-110.950834,42.093312,1895.844184
-110.951199,42.094361,1892.9172
-110.951271,42.094571,1892.837843
-110.951531,42.095353,1896
-110.951608,42.095617,1895.825517
-110.951747,42.096094,1895.271385
-110.951842,42.096416,1895.471995
-110.952319,42.098102,1893.457348
-110.953973,42.103936,1893.578955
-110.955686,42.109891,1886.929871
-110.95589,42.110463,1888.2588
-110.956113,42.111013,1887.990798
-110.956377,42.111572,1887.014586
-110.956666,42.112151,1887.995815
-110.958089,42.114943,1886.770094
-110.958278,42.115294,1887.894833
-110.958504,42.115675,1885.649792
-110.958752,42.116034,1885.136801
-110.959043,42.116402,1883.4452
-110.95933,42.116739,1883.2604
-110.959746,42.117169,1884.877599
-110.960152,42.117539,1884.8596
-110.960482,42.117818,1883.2648
-110.960874,42.118119,1883.4568
-110.961298,42.118406,1884.3272
-110.961827,42.118742,1883.165977
-110.963534,42.119814,1883
-110.964969,42.120715,1881
-110.966061,42.121401,1880.0436
-110.966376,42.121621,1881.632428
-110.96652,42.121739,1881.7884
-110.966736,42.121902,1881.5976
-110.967038,42.122161,1881
-110.967298,42.122431,1882.0244
-110.967626,42.122821,1884.17782
-110.967828,42.123092,1882.745879
-110.968051,42.123465,1881.515426
-110.968212,42.123797,1879.725787
-110.968308,42.124018,1879.0912
-110.968376,42.124222,1878.6472
-110.968449,42.124484,1877.809105
-110.968521,42.124853,1879.272328
-110.968542,42.125122,1880.294873
-110.968556,42.125622,1883.272
-110.968512,42.126583,1883.543064
-110.968431,42.128044,1876.94292
-110.968411,42.12899,1877.346626
-110.968425,42.129504,1878.536352
-110.968498,42.130358,1878.168799
-110.968578,42.130931,1875.560621
-110.968664,42.131719,1875.114657
-110.968805,42.132739,1875.389759
-110.968925,42.133579,1876.6244
-110.969001,42.13409,1879.3856
-110.969101,42.134586,1878.696139
-110.969219,42.135062,1876.839149
-110.969383,42.135637,1876.007368
-110.969575,42.136226,1874.580008
-110.96984,42.136886,1879.76201
-110.970151,42.137507,1877.3692
-110.970591,42.138304,1876.291875
-110.97087,42.138738,1873.529005
-110.971077,42.139016,1872.4064
-110.97137,42.139395,1872.835896
-110.971815,42.139953,1872.901906
-110.972241,42.140434,1874.4948
-110.973936,42.142264,1873.067292
-110.97445,42.142895,1872.89156
-110.974837,42.143415,1870.056681
-110.975195,42.143945,1870
-110.976232,42.14554,1870.389542
-110.977186,42.147001,1869.177051
-110.979297,42.150235,1869.846
-110.985055,42.159036,1880.7276
-110.986591,42.161365,1873.209826
-110.986628,42.161421,1873.2548
-110.988111,42.163698,1864.2264
-110.989511,42.16582,1861.7124
-110.991008,42.168115,1868.664637
-110.992958,42.171069,1880.901642
-110.993131,42.171306,1880.0268
-110.9934,42.171648,1879.4528
-110.993714,42.17202,1880.002349
-110.994077,42.172414,1880.580678
-110.994368,42.172691,1881.959545
-110.994825,42.173102,1883.383728
-110.995309,42.173492,1884.220597
-110.995828,42.173875,1885.9192
-110.996172,42.174108,1886.742505
-110.996448,42.174283,1886.876321
-110.996898,42.174546,1886.5328
-110.997353,42.174785,1885.177999
-110.997865,42.175045,1884.324
-110.998493,42.175371,1885.142697
-111.003617,42.177993,1880.974026
-111.005752,42.179107,1882.418493
-111.006611,42.179611,1885.27944
-111.007452,42.180147,1885.2312
-111.008473,42.180854,1886.683408
-111.009226,42.181423,1888.90343
-111.010011,42.182063,1889.3872
-111.011459,42.183284,1890.57
-111.013647,42.185135,1892.3568
-111.015377,42.186604,1898.06
-111.018172,42.188985,1899
-111.019341,42.190047,1899.7448
-111.020146,42.19085,1900.971536
-111.020581,42.191305,1899.450863
-111.020925,42.191662,1896.664456
-111.021404,42.192196,1897.7024
-111.022088,42.193007,1894.359263
-111.024415,42.195801,1884.001938
-111.026172,42.197887,1873.220821
-111.030168,42.202695,1873.0972
-111.029942,42.20279,1874.2088
-111.029026,42.203214,1878.0768
-111.029942,42.20279,1874.2088
-111.030168,42.202695,1873.0972
-111.036586,42.210354,1877.5488
-111.036995,42.210807,1879.6284
-111.037304,42.211126,1878.66778
-111.037626,42.211419,1877.5464
-111.037952,42.211667,1876.3728
-111.038286,42.211886,1875.825452
-111.038644,42.212095,1875.3052
-111.039025,42.212287,1873.367468
-111.039479,42.212493,1871.977935
-111.039925,42.212661,1871.8496
-111.040375,42.212798,1870.39828
-111.040834,42.212909,1868.941134
-111.041562,42.213029,1866.1856
-111.042161,42.213103,1863.258044
-111.042563,42.21314,1860.5464
-111.042628,42.213146,1860.0784
-111.044913,42.213294,1856.052902
-111.0465,42.213408,1850
-111.046518,42.213409,1850
-111.046538,42.213411,1850
-111.050232,42.213661,1847.150002
-111.053654,42.213877,1847.147792
-111.057298,42.214125,1848.76812
-111.059721,42.214284,1848.424259
-111.060537,42.214332,1849.960241
-111.061342,42.214363,1850.119308
-111.062071,42.214368,1847.850181
-111.062622,42.214361,1848.307264
-111.063314,42.214337,1848.2264
-111.064135,42.214284,1848.5776
-111.064938,42.214216,1850.91476
-111.065604,42.214135,1848.8256
-111.06632,42.214033,1848.5188
-111.069581,42.21348,1847.740435
-111.069862,42.213432,1847.6448
-111.078025,42.212024,1846.7136
-111.081085,42.211499,1847.3024
-111.082001,42.211339,1848.2036
-111.088152,42.210291,1863.485493
-111.09272,42.2095,1883.7504
-111.094461,42.209197,1893.390692
-111.096217,42.208901,1898.8496
-111.098331,42.208534,1909.716332
-111.100941,42.208088,1897.846
-111.102218,42.207861,1896.310246
-111.102741,42.207772,1897.6728
-111.103118,42.207716,1900.879991
-111.103602,42.207651,1904.46017
-111.103979,42.207623,1911.1564
-111.104367,42.207608,1920.1048
-111.104756,42.207619,1923.760987
-111.105128,42.207647,1919.373745
-111.105525,42.207696,1914.362384
-111.105868,42.207762,1913.360223
-111.106193,42.207845,1917.340425
-111.106537,42.207957,1923.369579
-111.106889,42.208102,1926.635427
-111.107193,42.208231,1928.196756
-111.107474,42.208373,1929.651434
-111.107739,42.20852,1930.8276
-111.108116,42.208769,1932.500716
-111.108342,42.20895,1933.8488
-111.108544,42.209135,1935.7856
-111.108752,42.20937,1936.967341
-111.10895,42.209624,1938.646624
-111.109116,42.209883,1940.902746
-111.109271,42.210137,1940.6472
-111.109383,42.210382,1940.044194
-111.109484,42.210668,1939.991869
-111.109576,42.211043,1939.116127
-111.109602,42.211204,1939
-111.109627,42.211407,1938.871452
-111.109652,42.211748,1936.4656
-111.109644,42.21215,1936.5848
-111.109592,42.215097,1925.35701
-111.109605,42.21541,1921.68
-111.109639,42.215711,1921.233144
-111.109699,42.215996,1920.041356
-111.109768,42.216238,1917.756719
-111.109869,42.216509,1915.92432
-111.109969,42.216724,1915.753766
-111.110086,42.21695,1916.2096
-111.110272,42.217226,1911.925083
-111.110416,42.217405,1910.3632
-111.110566,42.217585,1909.489294
-111.110781,42.217792,1909.437692
-111.110976,42.217963,1908.36
-111.111302,42.218199,1907.28626
-111.111546,42.21836,1905.788902
-111.111809,42.218511,1904.995607
-111.112066,42.218638,1903.062481
-111.112408,42.218793,1901.18774
-111.112762,42.218924,1900.32958
-111.11325,42.219077,1905.18352
-111.11458,42.219448,1895.632154
-111.115623,42.219781,1894.944224
-111.116347,42.220018,1891.872172
-111.116744,42.220159,1888.960732
-111.117527,42.220505,1883.52111
-111.117658,42.220567,1883.572565
-111.117982,42.220722,1882.886668
-111.118413,42.22095,1879.2932
-111.118748,42.22115,1878.9856
-111.118852,42.221212,1879.7344
-111.119251,42.221487,1880.9404
-111.119672,42.221806,1879.408289
-111.121623,42.223431,1875.8056
-111.122941,42.224515,1870.1584
-111.124331,42.225692,1866.0176
-111.124403,42.225759,1865.5352
-111.125,42.226316,1866.2624
-111.126757,42.227789,1861.2444
-111.128015,42.228825,1859.34758
-111.128267,42.229048,1860.086385
-111.128865,42.229532,1861.5988
-111.129587,42.230127,1859.833435
-111.130177,42.230579,1859.7468
-111.130431,42.230747,1858.655437
-111.130779,42.230943,1859.065669
-111.13127,42.231159,1857.153413
-111.131681,42.231317,1859.954862
-111.132288,42.231485,1860.078867
-111.132789,42.231575,1859.3504
-111.133228,42.231629,1859.65418
-111.133807,42.231643,1859.181434
-111.134199,42.231636,1859.3192
-111.134228,42.231635,1859.1284
-111.134427,42.23162,1857.9656
-111.134835,42.231583,1855.659026
-111.135028,42.231549,1855.4236
-111.135416,42.231471,1855.7044
-111.136053,42.231312,1854.370187
-111.137082,42.230999,1855.199863
-111.138963,42.230416,1865.11004
-111.140379,42.230001,1854.013088
-111.142862,42.229251,1850.907548
-111.143599,42.228995,1850.688545
-111.143978,42.228842,1850.806649
-111.144491,42.228596,1854.23113
-111.144683,42.228489,1855.147886
-111.144947,42.228322,1853.819569
-111.145337,42.228058,1849.778
-111.145649,42.227812,1849.581844
-111.145862,42.227625,1849.49324
-111.146292,42.227181,1848.3488
-111.14648,42.226956,1847.986355
-111.146502,42.22693,1848.030826
-111.146674,42.226684,1848
-111.146899,42.226312,1847.395116
-111.147172,42.225811,1849.071327
-111.147337,42.225508,1847.6576
-111.148401,42.22344,1844.384
-111.15138,42.21765,1840.01728
-111.151713,42.217025,1840.881572
-111.152052,42.216366,1839.949505
-111.152332,42.2158,1839.467776
-111.152666,42.215147,1838.74215
-111.152888,42.214731,1838
-111.153962,42.212647,1840.139285
-111.156038,42.208618,1835.519873
-111.156677,42.207359,1836
-111.160084,42.200752,1830.7168
-111.160216,42.200506,1829.5992
-111.160392,42.200178,1829.558903
-111.160687,42.199736,1831.973871
-111.160972,42.199403,1830.426081
-111.161237,42.199143,1829.961387
-111.161497,42.198926,1829.1336
-111.161705,42.198776,1829.194083
-111.162029,42.198572,1831
-111.162245,42.198445,1831.114964
-111.162351,42.198389,1831.556505
-111.162554,42.198303,1832.2556
-111.162901,42.198167,1835.599572
-111.163114,42.198097,1838.680192
-111.163276,42.198053,1840.933099
-111.163845,42.197945,1846.694
-111.164572,42.197833,1847.994
-111.165001,42.197794,1846.34701
-111.165542,42.19779,1844.398653
-111.165963,42.197812,1842.9288
-111.166349,42.197845,1839.2684
-111.166582,42.197869,1836.061393
-111.166747,42.197892,1834.528962
-111.166935,42.197925,1833.66004
-111.169201,42.198416,1831.739183
-111.169309,42.198439,1831.814517
-111.170337,42.198645,1831.435979
-111.170865,42.198771,1833.8408
-111.171858,42.199056,1843.290418
-111.172439,42.199206,1846.728886
-111.17298,42.19929,1845.742304
-111.173615,42.199351,1842.589329
-111.174298,42.199439,1835.0348
-111.17457,42.199463,1834.749394
-111.174754,42.19948,1835.8688
-111.175292,42.199485,1838.722525
-111.175556,42.199473,1838.4096
-111.175813,42.199446,1837.0956
-111.176041,42.199416,1835.4024
-111.176302,42.199372,1833.693556
-111.176888,42.199244,1834.117371
-111.177512,42.199102,1838.988686
-111.17827,42.19889,1840.586176
-111.179347,42.198556,1833.381201
-111.180744,42.19818,1840.692723
-111.183056,42.197541,1852.3648
-111.184136,42.197197,1838.354376
-111.186461,42.196484,1827.602
-111.18787,42.196077,1826.08203
-111.189168,42.195705,1829.078582
-111.190491,42.195363,1834.53
-111.190842,42.195288,1835.216348
-111.191633,42.195049,1838.24218
-111.192037,42.19492,1837.322762
-111.193301,42.194519,1829.6532
-111.194723,42.194102,1831.535052
-111.195708,42.193867,1831.9212
-111.196031,42.193813,1831.7268
-111.196311,42.193781,1831.6116
-111.196542,42.19377,1831.256714
-111.19718,42.193781,1830.033926
-111.197414,42.193802,1831.897772
-111.197809,42.193882,1835.985612
-111.19881,42.194146,1850.774211
-111.199219,42.194275,1848.316524
-111.19962,42.194436,1847.348787
-111.199918,42.194584,1847.744925
-111.20023,42.194756,1845.821946
-111.20043,42.194883,1843.100418
-111.200717,42.195093,1839.150214
-111.20101,42.19535,1837.34264
-111.201069,42.195403,1837.273141
-111.201281,42.195632,1836.7768
-111.201916,42.196553,1831.1024
-111.204051,42.199901,1827.5836
-111.204677,42.200801,1823.13535
-111.20534,42.201618,1827.776
-111.206255,42.202588,1826.987498
-111.207223,42.203474,1826.0028
-111.20827,42.20438,1828.236
-111.208945,42.204957,1824.9528
-111.209348,42.205301,1824.456348
-111.210432,42.206242,1825.29359
-111.211874,42.20747,1826.8544
-111.212626,42.208125,1823.683
-111.21286,42.208329,1822.995382
-111.213726,42.209069,1825.737822
-111.21493,42.210113,1824.643427
-111.215249,42.210386,1822.301525
-111.217135,42.212,1825.5488
-111.218061,42.21281,1825
-111.218606,42.213341,1826.984647
-111.218856,42.213642,1826.269098
-111.218965,42.213788,1825.914317
-111.219106,42.213977,1825.854724
-111.219333,42.21437,1829.452557
-111.219518,42.214776,1829.490269
-111.219616,42.215026,1829.041393
-111.219691,42.215307,1828.755951
-111.219709,42.215382,1828.625081
-111.219804,42.21577,1826.255354
-111.221014,42.222038,1824.568655
-111.221359,42.223824,1828.1076
-111.221559,42.22465,1825.840776
-111.221736,42.225182,1828.146862
-111.221969,42.225721,1828.5072
-111.22235,42.226435,1828.626
-111.22245,42.226623,1829.6628
-111.222849,42.227239,1830.2564
-111.223427,42.227988,1830.6628
-111.223863,42.228463,1829.516494
-111.224322,42.228909,1831.031914
-111.224721,42.229271,1831
-111.226534,42.230668,1832.8824
-111.232074,42.234838,1853.272004
-111.233207,42.235681,1848.205388
-111.234148,42.236404,1848.117944
-111.235263,42.237244,1848.978971
-111.236249,42.237976,1848.7136
-111.236594,42.238231,1848.2616
-111.237641,42.239035,1843.0184
-111.238124,42.239401,1840.430126
-111.238662,42.23981,1837.749382
-111.239947,42.240775,1833.3816
-111.240896,42.241494,1829.964466
-111.242343,42.242585,1828
-111.243095,42.243144,1828.8132
-111.243456,42.243411,1830.553329
-111.245776,42.245175,1828.63
-111.249087,42.247658,1843.018732
-111.249722,42.248142,1844.6224
-111.2499,42.248271,1845.5512
-111.250509,42.248712,1848.665528
-111.251235,42.249291,1851.941941
-111.252025,42.249912,1849.618128
-111.252963,42.250605,1853
-111.253835,42.251262,1854.5432
-111.254663,42.251903,1856.9788
-111.255564,42.252555,1858.371619
-111.256006,42.252911,1859.832639
-111.258057,42.254452,1862.076259
-111.25894,42.255102,1862.21673
-111.259164,42.255273,1861.99073
-111.25953,42.255551,1856.4332
-111.260607,42.256366,1850.8148
-111.261504,42.257032,1851.846838
-111.262286,42.257613,1854.364003
-111.262874,42.258114,1858.9032
-111.263505,42.258605,1864.596
-111.264352,42.259249,1865.568084
-111.265133,42.259836,1864.017367
-111.266896,42.261089,1850.411882
-111.268088,42.261999,1843.812279
-111.269453,42.26304,1843.8572
-111.269487,42.263066,1843.8844
-111.270305,42.263713,1841.9748
-111.271229,42.264527,1836.791605
-111.271872,42.265185,1831.534986
-111.272633,42.266067,1829.3624
-111.273021,42.266563,1829.7512
-111.2735,42.26727,1827.744
-111.27352,42.267302,1827.9024
-111.274138,42.268271,1828.8608
-111.274669,42.269183,1827.368
-111.275266,42.270171,1825.658
-111.275897,42.271237,1825.442927
-111.276502,42.272271,1825.7684
-111.277298,42.273615,1827.010181
-111.278084,42.274928,1828.871058
-111.278286,42.275266,1828.1704
-111.278537,42.275682,1827.5448
-111.279094,42.276645,1827.6604
-111.279611,42.277523,1826
-111.279736,42.277736,1825.99254
-111.280322,42.278699,1827.415571
-111.283951,42.284834,1821.866377
-111.284382,42.285562,1820.2248
-111.284584,42.285891,1820.2076
-111.286111,42.288464,1820.999812
-111.286265,42.288725,1820.59
-111.28751,42.290829,1822.912962
-111.288252,42.292056,1819.468012
-111.290104,42.295195,1828.8548
-111.290176,42.295328,1830.39969
-111.290743,42.29638,1836.965194
-111.291331,42.297635,1836.3196
-111.291713,42.298541,1829.997801
-111.292642,42.300739,1828.820793
-111.293272,42.302229,1825.422588
-111.294099,42.304187,1818.572337
-111.294228,42.304493,1818.3376
-111.294497,42.305103,1817.3632
-111.295361,42.307176,1817.3676
-111.295844,42.308386,1815.1512
-111.295998,42.308768,1815.742013
-111.29606,42.308956,1816.197146
-111.29618,42.309274,1817.6344
-111.296595,42.310444,1819
-111.296832,42.311122,1818.4048
-111.296928,42.311366,1818.0592
-111.297114,42.311917,1819.038492
-111.297314,42.312506,1819.662273
-111.297391,42.312695,1819.54347
-111.297496,42.312949,1819.9856
-111.297626,42.313317,1821.909072
-111.297747,42.313656,1824.1108
-111.29778,42.313953,1823.756893
-111.297828,42.314388,1823.144061
-111.297821,42.31474,1822.936
-111.297815,42.31507,1821.781768
-111.297817,42.31554,1821.1412
-111.297816,42.315945,1821.484285
-111.297817,42.316227,1822
-111.297819,42.316543,1822.5548
-111.297822,42.31683,1823.09361
-111.297822,42.316898,1823.132582
-111.297823,42.317287,1824.358035
-111.297824,42.317536,1825
-111.297825,42.317656,1825
-111.297824,42.317779,1825.003668
-111.297824,42.3181,1825.9936
-111.297823,42.318511,1826.301727
-111.297822,42.318703,1825.3384
-111.297822,42.318983,1823.6612
-111.297821,42.319055,1823.402
-111.297821,42.319128,1823.1392
-111.297819,42.319892,1823.668898
-111.297818,42.320566,1825.1448
-111.297817,42.32077,1825.1412
-111.297817,42.32081,1825.1412
-111.297817,42.32096,1825.532813
-111.297815,42.321217,1825.669881
-111.297814,42.321577,1825.042093
-111.297814,42.32172,1825.192
-111.297813,42.321931,1825.9516
-111.297814,42.322042,1826
-111.297812,42.322168,1826
-111.297807,42.322639,1826.447042
-111.297806,42.322802,1826.16554
-111.297805,42.322894,1826.795797
-111.297804,42.322975,1827.352976
-111.297535,42.322979,1827.930549