-111.29753,42.322979,1827.94047
-111.297804,42.322975,1827.352976
-111.297818,42.324096,1822.2896
-111.297819,42.324201,1822.630916
-111.297801,42.324588,1825.5168
-111.297801,42.324929,1825.2556
-111.297802,42.32544,1823.445875
-111.297814,42.326395,1824.997131
-111.297814,42.326429,1824.98117
-111.297815,42.326782,1824.506437
-111.297826,42.327559,1822.963127
-111.297812,42.328178,1822.490307
-111.297819,42.32852,1821.328
-111.297818,42.328586,1821.0904
-111.297813,42.329404,1820.783324
-111.297801,42.330315,1820.793602
-111.29781,42.330841,1819.024398
-111.297785,42.33214,1820.093696
-111.297784,42.332288,1820.982904
-111.297781,42.332471,1820.998789
-111.297778,42.33265,1820.459568
-111.297762,42.333499,1820.5396
-111.297751,42.333806,1819.568034
-111.297723,42.334552,1813.431688
-111.297693,42.335791,1815.8472
-111.297655,42.337043,1815.7324
-111.297624,42.339585,1814.225878
-111.297609,42.340752,1814.744495
-111.297574,42.342271,1816.04402
-111.297577,42.342838,1814.494
-111.297581,42.343711,1818.7192
-111.297604,42.34405,1820.797152
-111.297676,42.344634,1822
-111.297703,42.344857,1821.5148
-111.297772,42.345272,1820.0208
-111.297902,42.345817,1820.967495
-111.298035,42.346344,1821.011958
-111.298085,42.346493,1820.6252
-111.298279,42.347088,1821.932514
-111.298512,42.347667,1824.857708
-111.298733,42.34817,1825.741986
-111.298919,42.348556,1825.8916
-111.299144,42.34898,1827.436365
-111.2998,42.350038,1826.8568
-111.300145,42.350575,1827.03346
-111.300886,42.351672,1828.99636
-111.300928,42.351732,1828.919844
-111.30097,42.351792,1828.77801
-111.301866,42.353171,1824.859269
-111.302057,42.353466,1826.338324
-111.302228,42.353747,1827.968225
-111.302853,42.354713,1826
-111.303192,42.355218,1825.5088
-111.303435,42.35558,1824.143792
-111.30366,42.355913,1825.1108
-111.304581,42.357279,1824.103917
-111.304631,42.357359,1824.161704
-111.30477,42.357581,1823.658245
-111.304901,42.357789,1822.289999
-111.305657,42.358955,1821.6348
-111.305732,42.35907,1821.3648
-111.306419,42.36007,1819.918917
-111.307704,42.362033,1819.765873
-111.308001,42.362487,1818.1964
-111.308057,42.362567,1817.9948
-111.308392,42.363044,1817.7472
-111.308932,42.363815,1822.113917
-111.308963,42.363859,1822.238092
-111.309366,42.364503,1821.22287
-111.310102,42.36562,1824
-111.310604,42.366374,1821.8792
-111.310645,42.366435,1821.624548
-111.310728,42.366559,1820.999022
-111.311754,42.368138,1823.629372
-111.312499,42.369309,1828.001845
-111.312737,42.369694,1826.2484
-111.313408,42.370954,1823.1656
-111.313691,42.371522,1820.371018
-111.313896,42.371947,1819.974871
-111.31437,42.372948,1823.62823
-111.315169,42.374718,1825.990752
-111.315307,42.375,1825
-111.31624,42.377058,1832.4088
-111.316628,42.377906,1831.463455
-111.317146,42.379058,1833.716145
-111.317169,42.379108,1833.829266
-111.317328,42.379461,1836.0596
-111.320329,42.386098,1841.6312
-111.320451,42.386367,1842.24846
-111.320944,42.387458,1842.661838
-111.321303,42.388252,1842.399734
-111.321382,42.388425,1842.346616
-111.321848,42.389451,1844.308194
-111.322645,42.391199,1842.6836
-111.322671,42.391259,1842.4676
-111.322771,42.391492,1842.7424
-111.323167,42.392408,1843.867123
-111.323605,42.393367,1845.2424
-111.323691,42.393555,1846.3084
-111.323892,42.393987,1846.617156
-111.324228,42.394708,1843.039895
-111.324564,42.395462,1844.424641
-111.324737,42.39583,1843.9468
-111.325215,42.396904,1842.226
-111.325906,42.398398,1839.598601
-111.326151,42.398961,1841.153279
-111.3267,42.400165,1840.35728
-111.327005,42.400812,1839.721942
-111.327027,42.400862,1839.733471
-111.327275,42.401413,1842.206492
-111.330906,42.40949,1847.0664
-111.333124,42.414373,1851.559774
-111.333474,42.415165,1851
-111.333586,42.415388,1850.639071
-111.334838,42.41816,1852.739917
-111.334923,42.418361,1853.171591
-111.335024,42.418574,1854.8192
-111.335245,42.41908,1853.624
-111.335618,42.419877,1850.863883
-111.3359,42.42051,1850
-111.336484,42.421773,1848.879341
-111.339876,42.429275,1845.9436
-111.339942,42.42942,1846.7032
-111.340637,42.430955,1843.397222
-111.340876,42.431484,1842.289807
-111.341096,42.431938,1843.954862
-111.341683,42.433196,1844.912129
-111.34189,42.433601,1844.970734
-111.342055,42.433963,1844.708186
-111.342492,42.434783,1846.225101
-111.343103,42.435869,1847.148869
-111.343332,42.436262,1846.4568
-111.343456,42.436463,1846.117819
-111.343578,42.436659,1846.85649
-111.343874,42.437177,1846.154074
-111.343965,42.437319,1846.875338
-111.344124,42.437567,1848.037048
-111.344875,42.438799,1849.30438
-111.345694,42.439952,1847.913876
-111.345869,42.440199,1847.963586
-111.346125,42.440548,1847.02584
-111.34669,42.44132,1846.020832
-111.347424,42.44223,1850.2736
-111.347551,42.442388,1849.558772
-111.348755,42.443811,1849.7196
-111.349292,42.444404,1849
-111.349794,42.444976,1851.3968
-111.350417,42.445655,1847.81903
-111.35094,42.446215,1846.749616
-111.351585,42.446927,1847.294
-111.352485,42.447948,1845.054
-111.358232,42.454367,1841
-111.358979,42.455181,1840.559779
-111.359139,42.455356,1840.9004
-111.359989,42.456332,1839.00811
-111.3601,42.456454,1838.958784
-111.360577,42.456976,1840.74077
-111.36105,42.457512,1837.406304
-111.361509,42.458051,1836.990691
-111.361735,42.458354,1837.4336
-111.36176,42.4584,1837.088
-111.361897,42.458644,1835.263645
-111.362232,42.459315,1831.4636
-111.36256,42.460097,1826.314682
-111.363142,42.461535,1829.147509
-111.363234,42.461751,1829.6072
-111.363404,42.462149,1831.9908
-111.363676,42.462804,1831.2336
-111.364761,42.465458,1833.950972
-111.364823,42.465611,1834.1996
-111.364881,42.465752,1834.7072
-111.365526,42.467336,1832.988419
-111.366172,42.468919,1837.023761
-111.366228,42.469051,1837.245579
-111.367,42.470875,1837.44
-111.36709,42.471077,1838.359094
-111.367372,42.471518,1834.5312
-111.36773,42.472037,1833
-111.36814,42.472677,1831.3332
-111.368201,42.472762,1831.4196
-111.368768,42.473561,1831.69
-111.369473,42.474627,1832.93244
-111.369965,42.475365,1833
-111.370188,42.4757,1833.52
-111.370716,42.476477,1833.4224
-111.37123,42.477248,1833.558637
-111.371827,42.478121,1831.099612
-111.371933,42.478276,1831.032696
-111.371985,42.478352,1831.1344
-111.372521,42.479174,1833.0528
-111.372992,42.479868,1837.120074
-111.373194,42.480174,1838.2528
-111.373851,42.481157,1841.1652
-111.374187,42.481647,1843.9316
-111.374234,42.481717,1844.560877
-111.374282,42.481786,1845.09603
-111.374318,42.481839,1845.447606
-111.374781,42.48252,1843.912765
-111.374809,42.482573,1843.655101
-111.375002,42.482934,1841.996849
-111.375167,42.483193,1842.4948
-111.375251,42.483324,1842.9664
-111.375814,42.484152,1843.0696
-111.37658,42.485241,1840.1324
-111.377232,42.48621,1838.045338
-111.377581,42.48672,1837.764387
-111.377768,42.486992,1838.330348
-111.378145,42.487565,1842.322
-111.378308,42.487793,1843.0184
-111.378455,42.487999,1845.119977
-111.378663,42.48825,1847.45604
-111.378952,42.48855,1849.382784
-111.379595,42.489058,1846.3072
-111.380489,42.489655,1841.9976
-111.380867,42.489881,1841.381122
-111.381175,42.490046,1840
-111.381506,42.490189,1839.713143
-111.382059,42.49041,1839.783902
-111.383302,42.490821,1838.0444
-111.384323,42.491166,1837.380809
-111.385026,42.491461,1836.920501
-111.385418,42.491676,1837.612639
-111.385934,42.492025,1838.402504
-111.386526,42.492557,1835.6412
-111.386821,42.492879,1835.415139
-111.387134,42.493305,1832.263614
-111.387296,42.493602,1830.0328
-111.387643,42.494362,1831.144007
-111.388228,42.495915,1826.3792
-111.388564,42.496808,1827.595092
-111.388901,42.4977,1827.688608
-111.389371,42.49891,1832.152
-111.389593,42.499498,1832.717509
-111.39084,42.5028,1837.15808
-111.392513,42.507227,1836.8892
-111.392698,42.507693,1835.964
-111.392883,42.508197,1835.8636
-111.392951,42.508382,1835.4796
-111.393337,42.509386,1836.752777
-111.393909,42.510904,1831.746874
-111.394998,42.513792,1851.339089
-111.395312,42.514582,1855.244
-111.395534,42.515046,1856.547251
-111.395845,42.515594,1863.801387
-111.396054,42.515947,1863.528668
-111.396544,42.516624,1868.57634
-111.396862,42.517012,1871.4064
-111.397165,42.517349,1872.3376
-111.3973,42.517499,1872.565616
-111.3979,42.51812,1874.768
-111.398403,42.518671,1871.806472
-111.398962,42.519238,1878.56039
-111.400204,42.520559,1880.00252
-111.401251,42.521662,1892.503842
-111.401398,42.521849,1893.08814
-111.401548,42.522024,1894.30965
-111.401684,42.522192,1896.029578
-111.401967,42.522621,1898.127029
-111.402269,42.523141,1900.7318
-111.40232,42.523249,1901.499667
-111.402538,42.523732,1903.323329
-111.402681,42.524112,1906.758
-111.402779,42.524397,1908.645952
-111.403227,42.525807,1911.580911
-111.403527,42.526688,1911.0768
-111.403563,42.526787,1911.4332
-111.403605,42.526903,1911.8508
-111.403694,42.527146,1910.5488
-111.403906,42.527601,1909.811198
-111.404026,42.527817,1912.341104
-111.404232,42.528139,1915
-111.40429,42.528231,1915
-111.404395,42.52837,1915.132
-111.404526,42.528542,1915.4576
-111.404723,42.528775,1914.996052
-111.404967,42.529045,1914.185566
-111.40525,42.529314,1911.77736
-111.405264,42.529327,1911.697371
-111.405327,42.529381,1911.457672
-111.405524,42.529553,1910.573605
-111.405746,42.529728,1910.34946
-111.406068,42.529953,1911.80454
-111.406392,42.530163,1912.155828
-111.406766,42.530388,1911.436
-111.410052,42.532212,1899.658711
-111.410921,42.532701,1901.7636
-111.411329,42.532926,1898.913756
-111.412144,42.533384,1891.743836
-111.412677,42.533656,1891.092515
-111.41324,42.534003,1892.453229
-111.413443,42.534151,1892.59
-111.413693,42.534321,1891.946191
-111.414069,42.534605,1891.7888
-111.41417,42.534693,1891.6484
-111.414341,42.534852,1891.225585
-111.41457,42.535049,1890.2724
-111.414842,42.535322,1888.843694
-111.415224,42.535738,1888.171156
-111.415626,42.536261,1883.868843
-111.416182,42.537044,1877.398136
-111.416533,42.537565,1874.322201
-111.416856,42.538027,1869.128068
-111.417269,42.538532,1868.76316
-111.417557,42.538824,1868.5896
-111.41788,42.539141,1867.745203
-111.418175,42.539391,1866.785532
-111.418348,42.539523,1866.270532
-111.418618,42.539728,1867.992
-111.418853,42.539897,1867.5168
-111.419003,42.54,1867.1784
-111.419292,42.540198,1865.8104
-111.41965,42.540409,1865.2048
-111.42045,42.540871,1864.76
-111.421121,42.541243,1861.932697
-111.422881,42.542234,1861.414
-111.423364,42.542501,1864.2208
-111.424814,42.543303,1866.85192
-111.425494,42.543701,1865.71891
-111.425913,42.543934,1864.797776
-111.42663,42.544332,1866.9176
-111.428073,42.545151,1866.178662
-111.431082,42.546829,1869.203245
-111.432132,42.547427,1867.2628
-111.434193,42.548579,1862.821359
-111.434712,42.548873,1860.0368
-111.43531,42.549212,1859.7208
-111.436155,42.549691,1857.842
-111.437177,42.550248,1856.8928
-111.437466,42.550425,1857
-111.437638,42.55052,1857.06359
-111.438659,42.551111,1858.8276
-111.439526,42.551599,1858.290721
-111.442021,42.552979,1854.7244
-111.442628,42.553329,1854.5392
-111.443937,42.554042,1850.2756
-111.445021,42.554668,1845.2392
-111.445818,42.555107,1842.4404
-111.446534,42.555513,1842.1532
-111.446847,42.555687,1841.658001
-111.448025,42.556342,1844.812632
-111.449581,42.557218,1845.9696
-111.450858,42.557938,1845
-111.451465,42.558287,1846.8332
-111.453297,42.559306,1842.566791
-111.454217,42.559804,1844.422255
-111.456379,42.561023,1842.671508
-111.457562,42.56169,1841.7768
-111.458977,42.562498,1839.360684
-111.459412,42.562763,1838.899814
-111.460827,42.563563,1838.8496
-111.462648,42.564573,1838.4672
-111.464291,42.565494,1832.344012
-111.46624,42.566594,1829.134182
-111.467819,42.567485,1822.045986
-111.468145,42.567658,1821.292354
-111.469715,42.568511,1819.6396
-111.470947,42.569205,1824.862
-111.471406,42.569458,1824.0488
-111.471598,42.569563,1824.4268
-111.47227,42.569969,1824.8884
-111.473028,42.570468,1823.4144
-111.473984,42.571127,1822.9428
-111.474326,42.571397,1821.9708
-111.475053,42.572018,1815.567876
-111.475492,42.572404,1811.069727
-111.475797,42.572698,1807.205932
-111.476118,42.573034,1806.9224
-111.476482,42.573436,1807.49349
-111.477179,42.574293,1808.4548
-111.47748,42.574704,1809
-111.477551,42.574811,1809.260921
-111.477948,42.575408,1811.4688
-111.47813,42.575702,1813.3224
-111.478383,42.576125,1818.13212
-111.478653,42.576645,1818.860962
-111.478891,42.577178,1818
-111.478956,42.577344,1818.332483
-111.479061,42.577617,1818.8016
-111.479363,42.578468,1816.3948
-111.479445,42.578723,1815.399606
-111.479538,42.579111,1816.193495
-111.479905,42.580498,1819.863662
-111.480118,42.581326,1818.3768
-111.480348,42.582165,1810.153923
-111.480392,42.582367,1810.5212
-111.480513,42.582926,1814.2272
-111.480601,42.583281,1817.731178
-111.480705,42.583695,1821.979524
-111.480837,42.584275,1821.994852
-111.481127,42.585416,1823.852337
-111.481411,42.586446,1824.109634
-111.481585,42.586921,1824.5036
-111.481893,42.587548,1822.523597
-111.48212,42.587935,1821.868
-111.482458,42.588417,1821.639883
-111.482758,42.58878,1818.1424
-111.483251,42.589324,1817.5664
-111.483519,42.589594,1818
-111.483826,42.589917,1817.2264
-111.484167,42.590276,1815.9988
-111.485581,42.591763,1812.3468
-111.486387,42.592583,1810.418032
-111.487753,42.593931,1803.2408
-111.488115,42.594314,1802.3164
-111.488595,42.594793,1803.524378
-111.48882,42.59504,1804.571712
-111.489631,42.595854,1806.427233
-111.489976,42.596189,1806.391027
-111.491754,42.597995,1813.782
-111.492164,42.598431,1814.864095
-111.492617,42.598872,1815.087218
-111.493448,42.599715,1814.5872
-111.494775,42.601031,1807.484796
-111.495762,42.602034,1804.2568
-111.497084,42.603348,1807.9472
-111.498618,42.604907,1812.003903
-111.498896,42.605205,1813.719107
-111.499248,42.605548,1813.68
-111.501307,42.607624,1810.163201
-111.501961,42.608345,1809.081497
-111.502868,42.609275,1812.267056
-111.50293,42.609338,1812.078387
-111.50369,42.6101,1811.53824
-111.50467,42.611105,1812.978
-111.506078,42.612526,1811.223957
-111.508744,42.615238,1808.1864
-111.509465,42.615936,1812.71185
-111.510184,42.616667,1815.665205
-111.511478,42.617953,1820.070039
-111.512943,42.619442,1825.593132
-111.513666,42.620184,1827.6624
-111.516529,42.623075,1827.670908
-111.51737,42.623903,1830.0508
-111.518067,42.624606,1829.557638
-111.518701,42.625267,1827.6764
-111.519556,42.626119,1830.977189
-111.520535,42.627096,1828.4716
-111.521097,42.627634,1829
-111.521925,42.628455,1827.508
-111.522491,42.629016,1829
-111.523283,42.629845,1831.18071
-111.523926,42.630499,1834
-111.525145,42.63174,1836.742
-111.526041,42.632618,1835.2524
-111.526809,42.633392,1834.5124
-111.527298,42.63384,1835.951987
-111.527856,42.634256,1837.7184
-111.527926,42.634317,1837.4664
-111.528445,42.634647,1835.598
-111.52917,42.635052,1833
-111.529865,42.635387,1833.50299
-111.530547,42.63566,1833.0308
-111.531297,42.635891,1833
-111.532103,42.636112,1831.998627
-111.542228,42.638724,1824.5936
-111.545017,42.639444,1818.938702
-111.548747,42.640406,1811
-111.554041,42.641779,1810.721849
-111.555547,42.64215,1807.74
-111.559246,42.6431,1804.920096
-111.564617,42.644523,1793.389925
-111.565387,42.644703,1792.634009
-111.566308,42.644932,1788.362486
-111.568638,42.645536,1787
-111.570117,42.645907,1786.425302
-111.572548,42.646631,1782.849412
-111.573279,42.646859,1783.444967
-111.573978,42.647077,1783.786686
-111.575454,42.647516,1783.6344
-111.575694,42.647586,1783.655905
-111.575816,42.647623,1783.477569
-111.576279,42.647762,1782.9432
-111.576608,42.64786,1782.937485
-111.577489,42.64815,1785.594264
-111.578338,42.648488,1786.4264
-111.578838,42.648754,1783.9712
-111.579188,42.64896,1782.866061
-111.579317,42.64905,1782.231496
-111.579594,42.649276,1782.067114
-111.580043,42.649666,1780.813868
-111.580407,42.650057,1779.109741
-111.580876,42.650649,1779.6636
-111.581602,42.651544,1778.5584
-111.582146,42.652216,1779.709347
-111.582568,42.652663,1779.599346
-111.582977,42.653047,1779.33569
-111.5833,42.653266,1775.633888
-111.583513,42.653411,1774.166845
-111.58384,42.6536,1774.95296
-111.584099,42.653712,1775.481676
-111.584503,42.653906,1775.951385
-111.58465,42.653977,1775.917528
-111.585304,42.654227,1774.594
-111.585747,42.654329,1771.0372
-111.586309,42.654465,1769
-111.586631,42.654536,1769
-111.587181,42.654597,1768.532301
-111.587576,42.654633,1768.40908
-111.588587,42.654619,1769.945455
-111.591064,42.654628,1771
-111.59159,42.654599,1771
-111.592909,42.654602,1768.700745
-111.593094,42.654624,1769.048938
-111.594342,42.654607,1767.4148
-111.594636,42.654615,1766.6964
-111.594845,42.65462,1766.205344
-111.596166,42.654611,1764.402
-111.59783,42.654631,1762.188
-111.599375,42.654647,1763
-111.600664,42.654668,1760
-111.601077,42.654655,1760
-111.601816,42.654661,1758.7796
-111.603066,42.654663,1760.7868
-111.603731,42.654663,1759.907983
-111.604065,42.654665,1759.290604
-111.605194,42.65465,1760.181584
-111.605491,42.654647,1760.2708
-111.605766,42.654651,1760.2564
-111.606608,42.654657,1762.83839
-111.607224,42.654667,1761.1924
-111.607613,42.654669,1760.520457
-111.607763,42.654672,1760.956419
-111.608088,42.654676,1761
-111.609871,42.654683,1758.863227
-111.610609,42.654677,1756.516277
-111.611459,42.654674,1760.870217
-111.612138,42.654687,1761.1268
-111.612672,42.654715,1760.035901
-111.613326,42.654776,1758.214889
-111.613647,42.654812,1758.364957
-111.613857,42.654846,1758.840045
-111.614219,42.654906,1758.725355
-111.614869,42.655042,1757.8488
-111.615093,42.655093,1757.219782
-111.615236,42.655129,1756.625508
-111.615352,42.655157,1756.298
-111.615483,42.6552,1755.9812
-111.615549,42.655221,1755.8192
-111.616062,42.655354,1752.3536
-111.616166,42.655387,1751.449407
-111.617049,42.655628,1749
-111.617843,42.655843,1747.042971
-111.618495,42.65602,1749.016
-111.619445,42.656264,1750.5504
-111.62008,42.656431,1751.987139
-111.620712,42.656603,1755.334
-111.622078,42.656949,1754.527085
-111.62323,42.657266,1752.470973
-111.624815,42.657664,1751.725206
-111.626189,42.658043,1749.177326
-111.62894,42.65876,1746.562624
-111.630622,42.659214,1748.56236
-111.6325,42.659691,1748
-111.633833,42.66005,1746.3812
-111.635177,42.660398,1748.72422
-111.635499,42.660485,1747.4576
-111.636073,42.660639,1746.958785
-111.63766,42.66105,1750.11856
-111.638406,42.661244,1750.7384
-111.639065,42.661406,1750.405054
-111.639729,42.661535,1751.4984
-111.640281,42.6616,1753.242784
-111.640725,42.661637,1753.758452
-111.64117,42.661648,1754.590246
-111.641632,42.661632,1751.483625
-111.642463,42.661561,1751.297869
-111.642847,42.661502,1750.5928
-111.643615,42.661336,1750.1904
-111.644944,42.660975,1751
-111.6458,42.660721,1752.760272
-111.645901,42.660698,1752.7308
-111.646586,42.660494,1751.571905
-111.647244,42.66031,1750.009094
-111.648438,42.659997,1748.971669
-111.64971,42.659635,1749.655816
-111.650619,42.659398,1748.129012
-111.652576,42.658849,1749
-111.653814,42.658502,1747.9448
-111.654734,42.658285,1748.659378
-111.655337,42.658159,1748.5856
-111.656011,42.658038,1749.9368
-111.656732,42.65792,1750.2592
-111.658137,42.65773,1749.656
-111.659284,42.657573,1748.414593
-111.660378,42.657435,1747.255627
-111.662236,42.657158,1743
-111.664435,42.656884,1743
-111.667614,42.656462,1744.696748
-111.669299,42.656188,1747.2468
-111.670292,42.656012,1746.661468
-111.671509,42.655765,1748.42797
-111.672827,42.655538,1747.947999
-111.674297,42.655342,1749.2312
-111.675231,42.655206,1748.7416
-111.676259,42.655075,1748.0724
-111.677419,42.654924,1746.5472
-111.678121,42.654833,1748.093957
-111.679185,42.65467,1746.692408
-111.680729,42.654473,1747.6244
-111.682654,42.654198,1746.4456
-111.683488,42.654071,1745
-111.684972,42.653865,1747.083462
-111.68608,42.653727,1747.046726
-111.687098,42.653591,1748.487223
-111.688198,42.653428,1745.833962
-111.68956,42.653252,1747.2928
-111.690398,42.653143,1748.296555
-111.692287,42.652867,1746.479496
-111.693589,42.652702,1747.669315
-111.696125,42.652345,1745.5801
-111.696689,42.652272,1746.835208
-111.697628,42.652136,1747.143032
-111.697977,42.652068,1747.953389
-111.698262,42.652022,1748.113403
-111.698677,42.651933,1748
-111.700076,42.651664,1746.006973
-111.701289,42.651407,1747.0652
-111.701824,42.651302,1746.6872
-111.703232,42.651004,1746
-111.706107,42.650419,1747.0148
-111.707603,42.650108,1747.6112
-111.708835,42.649868,1748.5248
-111.709134,42.649812,1748.038008
-111.710058,42.649661,1745.5708
-111.711045,42.649519,1747.234921
-111.711394,42.649456,1747.082435
-111.712044,42.649374,1747.44929
-111.713538,42.649211,1748
-111.714935,42.649077,1747.481265
-111.716641,42.648983,1745.4148
-111.717594,42.648951,1746.262734
-111.71804,42.648941,1747.7564
-111.718428,42.648933,1749
-111.71938,42.64894,1747.810688
-111.720643,42.648949,1749.4688
-111.721123,42.648948,1747.7444
-111.721994,42.648946,1746
-111.722947,42.64896,1745.588045
-111.726102,42.648957,1736.278
-111.727339,42.648932,1736
-111.728364,42.648929,1732.984058
-111.729235,42.648937,1734.042607
-111.729926,42.648944,1734.1984
-111.73024,42.648938,1735.0408
-111.732471,42.648963,1735
-111.734884,42.649002,1736.077507
-111.736896,42.649004,1736.483471
-111.742143,42.649043,1740.873029
-111.749632,42.649068,1738.6448
-111.752959,42.649081,1734.5488
-111.756005,42.649077,1732.74131
-111.759596,42.649104,1731.6768
-111.760124,42.64911,1730.612
-111.764123,42.649115,1728.186
-111.764623,42.649116,1728.065153
-111.765422,42.64913,1728.063466
-111.767884,42.649126,1724.764
-111.769359,42.649131,1724.039496
-111.77299,42.649153,1721.9508
-111.775149,42.649161,1715.968657
-111.776835,42.649158,1712.9688
-111.778938,42.649174,1710
-111.780461,42.649171,1710.00531
-111.782432,42.649198,1710
-111.783483,42.649194,1711.122982
-111.793017,42.64922,1702.085501
-111.798386,42.649239,1696.8104
-111.805624,42.649261,1693.3396
-111.806705,42.649278,1694
-111.812075,42.649299,1689.4828
-111.815529,42.649296,1686.578911
-111.818059,42.649312,1686.9876
-111.818165,42.649308,1686.606
-111.820484,42.649323,1686.112623
-111.826081,42.649336,1686
-111.831238,42.649379,1681.7644
-111.833044,42.649428,1680
-111.834151,42.64947,1679.821189
-111.835762,42.649545,1679
-111.837266,42.649627,1680.239225
-111.837996,42.649659,1679.276397
-111.839965,42.649766,1676.126
-111.841925,42.649851,1676.568852
-111.84354,42.649895,1676.878
-111.846698,42.649932,1674.217187
-111.847104,42.649937,1674.313852
-111.849541,42.649934,1672.4148
-111.850744,42.649921,1672.485463
-111.852856,42.649931,1670.2816
-111.85583,42.649921,1669.2964
-111.860855,42.649918,1669.922
-111.862846,42.64991,1668.324
-111.86686,42.649909,1670.263581
-111.867613,42.649909,1670.6724
-111.87396,42.649909,1670.6724
-111.876276,42.649891,1668.246929
-111.877698,42.649888,1670.4032
-111.878796,42.649885,1670.828
-111.881328,42.64987,1671
-111.882583,42.64982,1673.102378
-111.88379,42.649752,1670.8928
-111.885259,42.649632,1673.697156
-111.885743,42.649587,1673
-111.887106,42.649413,1672.952637
-111.887372,42.64937,1673
-111.889368,42.649064,1674.456914
-111.889883,42.648949,1675.704052
-111.890359,42.648879,1677.2924
-111.890552,42.648845,1677.9872
-111.890677,42.648823,1678.540904
-111.89171,42.648575,1683.89028
-111.893119,42.648224,1686.532102
-111.893789,42.64802,1689.548342
-111.894067,42.647935,1690.6412
-111.894842,42.647679,1693.784665
-111.896159,42.647244,1705.7524
-111.896879,42.646982,1707.3052
-111.897704,42.646657,1713.294929
-111.898645,42.646256,1717.388765
-111.899503,42.645873,1717.932596
-111.900761,42.645233,1722.636
-111.904104,42.643555,1739.964771
-111.904599,42.643307,1740.324747
-111.90479,42.643211,1740.3632
-111.906092,42.642526,1742.0056
-111.906196,42.642463,1742.957506
-111.906412,42.642333,1745.71758
-111.906475,42.642295,1746.12922
-111.906791,42.642069,1747.9992
-111.907118,42.641819,1750.41904
-111.907538,42.641389,1755.2732
-111.907841,42.641027,1756.855883
-111.9086,42.640019,1760.802736
-111.909574,42.638757,1776.093753
-111.909778,42.638524,1778.325716
-111.910021,42.638278,1777.5056
-111.910513,42.637868,1780.2084
-111.91109,42.637471,1782.174
-111.912312,42.636678,1786.5376
-111.913295,42.636054,1792.282
-111.913866,42.635648,1794.0016
-111.914132,42.635435,1795.578637
-111.914386,42.635201,1797.464064
-111.914469,42.635117,1797.020366
-111.914602,42.634984,1797.255329
-111.914795,42.634763,1798.4884
-111.915069,42.634367,1801.853308
-111.9152,42.634151,1804.279392
-111.91532,42.633918,1805.72873
-111.915428,42.63364,1805.3712
-111.915815,42.632524,1815.7156
-111.916005,42.632025,1819.708
-111.916217,42.631593,1822.708694
-111.916387,42.631307,1824.356
-111.916557,42.631069,1826.901303
-111.916842,42.630703,1826.5476
-111.91709,42.630397,1825.4304
-111.917946,42.629401,1837.252884
-111.918425,42.628818,1837.8096
-111.918746,42.628442,1838.2997
-111.919469,42.627567,1846.2248
-111.92027,42.626619,1853.721205
-111.920585,42.626225,1857.37438
-111.921205,42.625511,1855.541354
-111.921785,42.624891,1861.690988
-111.921902,42.624735,1858.485656
-111.921981,42.62463,1857.468126
-111.922092,42.624527,1856.536818
-111.923271,42.623572,1854.050378
-111.924406,42.622872,1844.696
-111.925295,42.622447,1838.2368
-111.926313,42.621984,1831.516607
-111.927509,42.621569,1822.4516
-111.929799,42.621044,1821.071222
-111.931627,42.620803,1812.726419
-111.933295,42.620558,1801.148014
-111.934073,42.620444,1798.65978
-111.935816,42.620216,1793.3952
-111.936513,42.620125,1790.9
-111.937455,42.620022,1788.54157
-111.938592,42.620001,1788.953295
-111.940302,42.620058,1771.920385
-111.941958,42.620211,1763.507468
-111.943322,42.620236,1759.733864
-111.944692,42.620177,1757.588273
-111.945972,42.620029,1750.2088
-111.946398,42.619942,1749.824
-111.948096,42.619622,1750.9304
-111.95033,42.619223,1752.7964
-111.951673,42.619005,1750.836
-111.953151,42.618799,1744.0292
-111.954161,42.618711,1741.007336
-111.955651,42.618651,1732.9692
-111.958036,42.618672,1719.329137
-111.962101,42.618698,1706.7496
-111.964215,42.618733,1688.9684
-111.964785,42.618742,1686.307109
-111.966436,42.618728,1681.901768
-111.966656,42.618723,1681.425732
-111.96697,42.618689,1680.800794
-111.968014,42.618554,1680.703558
-111.968638,42.618474,1681.49702
-111.970187,42.618154,1672.978618
-111.972924,42.61758,1654.743603
-111.974626,42.617223,1653.67794
-111.976508,42.616846,1642.2392
-111.977824,42.616695,1641.632627
-111.979116,42.616697,1637.565918
-111.980419,42.616866,1627.923972
-111.981562,42.617143,1623.7572
-111.982742,42.61754,1617.412947
-111.982934,42.617647,1617.190022
-111.984693,42.61863,1607.308446
-111.985162,42.618912,1601.229567
-111.985674,42.61922,1598.460538
-111.987055,42.62005,1598.01836
-111.987609,42.620378,1591.116378
-111.990061,42.621831,1571.936631
-111.990819,42.622281,1573.3728
-111.990919,42.62234,1573.441162
-111.991344,42.622523,1572.07378
-111.991611,42.622638,1569.486
-111.992001,42.622774,1566.106769
-111.992406,42.622864,1563.023439
-111.992859,42.622963,1560.554228
-111.993137,42.623014,1559.1084
-111.993529,42.623069,1557.576893
-111.994027,42.623112,1555.5028
-111.994414,42.623128,1554.1096
-111.994784,42.62312,1553.232
-111.995117,42.623097,1552.728
-111.995325,42.623077,1552.064076
-111.995614,42.623048,1551.746646
-111.9958,42.623023,1551.091872
-111.995805,42.623022,1551.077357
-111.99602,42.622982,1550.505946
-111.996135,42.622956,1550.3584
-111.996285,42.622923,1550.4772
-111.996659,42.622832,1550.212025
-111.997134,42.622689,1550.827105
-111.997532,42.622537,1551.800289
-111.998347,42.622117,1548.962726
-111.999568,42.62143,1549.84343
-112.000924,42.620592,1544.482824
-112.002065,42.62013,1545.013336
-112.002736,42.619953,1543.010248
-112.003857,42.619805,1544.48661
-112.00451,42.619782,1545.869987
-112.005301,42.619806,1541.885614
-112.006037,42.619895,1537.67555
-112.006952,42.620125,1534.98336
-112.008591,42.620736,1533.089431
-112.00977,42.621147,1531.841022
-112.010831,42.621573,1537.654303
-112.012088,42.622015,1536.2116
-112.01323,42.622326,1534.099421
-112.014299,42.622585,1533.53
-112.014745,42.62267,1535.754
-112.015112,42.622745,1534.8396
-112.015533,42.622843,1532.849068
-112.01616,42.622965,1534.194
-112.016933,42.623116,1532.9116
-112.018017,42.623309,1531.863841
-112.019797,42.623651,1532.661857
-112.021633,42.623979,1526.500683
-112.02173,42.623997,1525.961538
-112.022207,42.624087,1524.6208
-112.023356,42.624279,1519.7272
-112.024463,42.624413,1521.6604
-112.025974,42.624536,1522
-112.027482,42.624553,1520.667476
-112.028297,42.624534,1521.43903
-112.029667,42.624474,1518.035152
-112.030553,42.624394,1520.262729
-112.031623,42.624242,1517.656967
-112.032258,42.624123,1516.705847
-112.03258,42.624085,1516.706
-112.033079,42.623985,1516.692
-112.033722,42.623848,1516.764362
-112.034373,42.623681,1516.438488
-112.035537,42.623379,1520.348618
-112.036404,42.623095,1519.7644
-112.038557,42.622338,1527.913593
-112.039322,42.622069,1529.456
-112.041576,42.621304,1529.4096
-112.041673,42.621271,1528.690876
-112.044993,42.620111,1516.60346
-112.045495,42.619939,1513.388127
-112.045713,42.619856,1511.593429
-112.046305,42.619631,1507.161623
-112.047791,42.619133,1517.041831
-112.051593,42.617836,1519.2096
-112.051841,42.617727,1518.8172
-112.053525,42.61717,1520.188
-112.055553,42.616479,1518.672616
-112.056702,42.616235,1513.816069
-112.057904,42.616096,1515.079119
-112.059482,42.616046,1513.905909
-112.060184,42.616062,1515.620975
-112.061201,42.616095,1515.116
-112.063825,42.616243,1521
-112.065617,42.616328,1525.048487
-112.067086,42.616391,1525.9848
-112.069233,42.616502,1528.141561
-112.072412,42.616659,1520.382113
-112.07313,42.616705,1519.862
-112.075091,42.616812,1519.3206
-112.076286,42.61686,1516.515597
-112.079175,42.616994,1505.826952
-112.080395,42.617084,1505.348426
-112.081033,42.617131,1509.169146
-112.082246,42.617304,1505.060399
-112.083855,42.617539,1507.351929
-112.084558,42.617663,1508.2396
-112.08543,42.617771,1513.051142
-112.087685,42.61809,1514.082584
-112.091707,42.618695,1516.698
-112.091987,42.618719,1516.577406
-112.094831,42.619132,1518.5164
-112.099096,42.619752,1520.665672
-112.101895,42.620152,1517.3692
-112.103679,42.620422,1511.2364
-112.10493,42.620619,1506.7952
-112.106713,42.620862,1504.1668
-112.107218,42.620931,1506.331056
-112.10911,42.621216,1511.6224
-112.111035,42.621489,1512.6396
-112.112604,42.621742,1513.933537
-112.113948,42.622032,1509.242949
-112.114775,42.622251,1509.672
-112.116653,42.622813,1506.19
-112.118188,42.623263,1500.2828
-112.118738,42.623424,1498.4963
-112.119939,42.623803,1497.6908
-112.120002,42.623822,1497.750266
-112.120115,42.623856,1497.418582
-112.121016,42.624123,1504.7424
-112.121746,42.624336,1508.873898
-112.1237,42.624894,1507.231424
-112.124381,42.62512,1506.623069
-112.12508,42.62538,1505.105984
-112.125982,42.625789,1506.001018
-112.126742,42.62623,1501.550179
-112.127098,42.626459,1497.406473
-112.12776,42.626874,1494.905939
-112.127921,42.626975,1493.965368
-112.128168,42.627119,1491.1572
-112.12849,42.627314,1489.0968
-112.129,42.62764,1488.096
-112.129191,42.627766,1486.951086
-112.129681,42.62808,1486.6152
-112.129867,42.628199,1487.273948
-112.13003,42.628305,1488.011016
-112.130472,42.628584,1486.8944
-112.130724,42.628743,1488.2128
-112.131204,42.629071,1488.563633
-112.13176,42.629452,1488.6368
-112.131891,42.629542,1487.8412
-112.132103,42.629684,1486.5668
-112.132299,42.629795,1485.4472
-112.132529,42.629913,1484
-112.132725,42.629992,1484
-112.133093,42.630125,1484.07414
-112.133401,42.630227,1483.9392
-112.133972,42.630399,1480.570229
-112.1343,42.630492,1478.7488
-112.134649,42.630571,1477.055856
-112.134981,42.630642,1474.471828
-112.135802,42.630754,1475.235416
-112.136405,42.630811,1478.865474
-112.136872,42.630832,1480.976
-112.137381,42.630841,1480.554576
-112.138057,42.630813,1480.565619
-112.138743,42.630756,1482.233569
-112.139311,42.630677,1485.5368
-112.13974,42.630614,1484.856531
-112.140325,42.630495,1482.644
-112.141549,42.630183,1481.308932
-112.143221,42.629748,1470.860585
-112.14403,42.629544,1474.540467
-112.145686,42.629112,1470.2728
-112.146516,42.628901,1470.649551
-112.146746,42.628842,1469.6624
-112.149702,42.628076,1472.994642
-112.150519,42.627893,1474.058212
-112.150915,42.62782,1475.196
-112.15112,42.627782,1476.061773
-112.151603,42.627711,1475.678999
-112.152311,42.627632,1477.084378
-112.153202,42.627582,1476.6504
-112.153259,42.627579,1476.2508
-112.153739,42.627547,1472.605399
-112.154741,42.62749,1471.8964
-112.155018,42.627468,1470.8848
-112.156084,42.627365,1468.974733
-112.156202,42.627359,1469.0152
-112.156637,42.627336,1468.653455
-112.157529,42.627281,1466.129291
-112.157943,42.627256,1465.170872
-112.158744,42.627208,1466.402706
-112.16058,42.627113,1463.6068
-112.162181,42.627028,1462.705361
-112.163483,42.626948,1465
-112.163928,42.62692,1463.8592
-112.164904,42.626873,1462.911112
-112.166316,42.62684,1462.084262
-112.167045,42.626884,1461.921229
-112.167865,42.627012,1464.363165
-112.168485,42.627155,1470.507868
-112.169132,42.627386,1480.540782
-112.169685,42.627647,1484.706513
-112.17014,42.627892,1484.477555
-112.17044,42.628063,1484.225149
-112.170914,42.628335,1478.980942
-112.171338,42.628636,1473.1848
-112.171762,42.629029,1466.96151
-112.172111,42.629413,1464.045325
-112.172349,42.629743,1463.081323
-112.17252,42.630055,1463.183744
-112.172754,42.630612,1464.102994
-112.17292,42.63131,1465.896
-112.172933,42.631857,1476.16582
-112.172921,42.63229,1484.233381
-112.172969,42.633059,1489.558664
-112.173054,42.633774,1493.6992
-112.173189,42.634308,1479.857228
-112.173339,42.635034,1470.798497
-112.1735,42.636242,1473.17904
-112.173533,42.636976,1482.427089
-112.173572,42.637473,1481.632314
-112.173703,42.638012,1474.5104
-112.173965,42.638741,1463.838522
-112.174085,42.639035,1462.588
-112.174144,42.639201,1462.276714
-112.174276,42.639495,1462.323165
-112.174591,42.639935,1460.4724
-112.174915,42.640345,1458.548
-112.175482,42.64099,1457.678947
-112.176782,42.64238,1460.2888
-112.177038,42.642654,1460.694078
-112.177536,42.64317,1460.2824
-112.177666,42.643304,1460.2968
-112.179375,42.645162,1456.5
-112.179502,42.6453,1455.729024
-112.180026,42.646011,1455.032133
-112.180441,42.646574,1453.607953
-112.180516,42.646676,1454.0336
-112.181028,42.647462,1452.1368
-112.181289,42.647931,1451.3596
-112.181496,42.648291,1451.135165
-112.181662,42.648542,1451.52338
-112.182067,42.649129,1452.363373
-112.182635,42.649847,1450.0648
-112.183467,42.650835,1450.5188
-112.183937,42.651407,1452.119107
-112.1844,42.651988,1454
-112.184961,42.652664,1454.4096
-112.185484,42.65334,1453.982182
-112.186033,42.65402,1448.0344
-112.186694,42.654833,1454.940842
-112.187924,42.656393,1454.021809
-112.188955,42.657602,1454.7344
-112.189193,42.657943,1456
-112.189478,42.658311,1454.9596
-112.189795,42.658675,1454.29026
-112.189816,42.658692,1454.389509
-112.190202,42.659009,1456.550359
-112.19068,42.659371,1458.429251
-112.191157,42.659657,1456.4348
-112.191561,42.659891,1453.651007
-112.192141,42.660123,1451.750275
-112.193134,42.660429,1450.722
-112.193627,42.660521,1451.4452
-112.193672,42.660527,1451.3696
-112.194018,42.660576,1450.648191
-112.193848,42.660954,1452.923944
-112.193732,42.661284,1453.423532
-112.193681,42.661689,1455.681829
-112.193662,42.662009,1455.352351
-112.193788,42.662536,1457.306271
-112.194003,42.662977,1461.279548
-112.194307,42.663332,1460.482025
-112.194551,42.663596,1458.4112
-112.194808,42.663855,1456.287347
-112.195052,42.664129,1454.1672
-112.195339,42.664626,1457.596347
-112.195364,42.6647,1458.164032
-112.1954,42.664807,1458.596112
-112.195463,42.665059,1458.9996
-112.195502,42.665378,1458.148038
-112.19546,42.665869,1455.64383
-112.195242,42.666381,1453.214
-112.195096,42.666717,1450.529155
-112.194917,42.667061,1450.464176
-112.194887,42.667118,1450.193369
-112.194834,42.667248,1449.569857
-112.194706,42.667559,1448.550404
-112.194498,42.66798,1446.904442
-112.194404,42.668247,1445.6604
-112.194301,42.668508,1446.886088
-112.194233,42.668721,1448.0448
-112.194149,42.669068,1447.9012
-112.194101,42.669375,1447.7092
-112.19411,42.669649,1448.3484
-112.194122,42.669993,1450.275252
-112.19414,42.67026,1450.192
-112.19417,42.670645,1449.976
-112.194267,42.670963,1449.2776
-112.194447,42.671427,1449.973662
-112.194479,42.671491,1449.672529
-112.194644,42.671824,1449.1296
-112.194904,42.672213,1450.2792
-112.195209,42.672609,1449.624758
-112.195696,42.673103,1448.567644
-112.196915,42.674381,1452.7716
-112.198153,42.67568,1448.9408
-112.198193,42.675722,1448.8184
-112.198484,42.676074,1447.417265
-112.198725,42.676417,1445.340908
-112.19893,42.676748,1445.040134
-112.199173,42.677204,1446.846
-112.199371,42.677605,1448.378
-112.199408,42.677681,1448.6516
-112.199621,42.678367,1448.6356
-112.199766,42.678835,1448.194
-112.199795,42.67894,1447.816
-112.200037,42.679837,1448.716324
-112.200279,42.680811,1449.9152
-112.200374,42.681193,1451.9484
-112.200524,42.6818,1453
-112.200774,42.682648,1451.794606
-112.200813,42.682779,1451.146078
-112.200841,42.682873,1451
-112.201154,42.684107,1447.878765
-112.201369,42.684936,1445
-112.202077,42.687697,1448.9412
-112.20227,42.68866,1448.828
-112.202315,42.688881,1448.666
-112.202384,42.689224,1447.7936
-112.202396,42.6893,1447.52
-112.202546,42.690251,1444.4276
-112.20257,42.690366,1444.423965
-112.202781,42.691383,1438.0656
-112.202853,42.691743,1438.196384
-112.203043,42.692685,1439.4224
-112.203088,42.692909,1440.2388
-112.203231,42.69356,1442.068186
-112.203277,42.693772,1442.664538
-112.203607,42.695711,1441.5892
-112.203758,42.696444,1442.4712
-112.203936,42.69731,1444.199994
-112.203971,42.69748,1444.906717
-112.204067,42.697982,1449.09299
-112.204352,42.699477,1452.409396
-112.204461,42.700124,1453.234605
-112.204917,42.702321,1460.8396
-112.205516,42.705555,1447.853885
-112.205662,42.705947,1447.721605
-112.20568,42.705996,1447.539149
-112.206016,42.70667,1444.3304
-112.206081,42.706785,1443.6824
-112.206211,42.707016,1442.115833
-112.206314,42.707198,1441.293109
-112.206384,42.707323,1440.667571
-112.206449,42.707428,1440.0428
-112.206696,42.707827,1439.841688
-112.207178,42.708597,1441.166
-112.207407,42.709119,1441.775348
-112.207551,42.709522,1441.2656
-112.207641,42.709817,1440.137607
-112.207677,42.71004,1439.761757
-112.207702,42.710293,1438.9816
-112.207723,42.710755,1436.0708
-112.207709,42.711092,1436.220965
-112.207588,42.713891,1417.3588
-112.207532,42.715565,1414.799683
-112.207406,42.718453,1422.207817
-112.207396,42.718687,1422.294114
-112.207334,42.720114,1421.5696
-112.207272,42.721776,1420.143867
-112.207255,42.722249,1420.83765
-112.207255,42.722316,1421.021926
-112.207251,42.723045,1417.795326
-112.207276,42.723364,1417.3088
-112.2073,42.723587,1416.2468
-112.20737,42.723839,1413.815706
-112.207487,42.7242,1411.88
-112.207518,42.72428,1411.553638
-112.207956,42.725395,1413.5608
-112.208059,42.72567,1413.5508
-112.208221,42.726102,1410.822064
-112.208269,42.726231,1411.658041
-112.208391,42.726524,1413.943023
-112.208581,42.726981,1414.376931
-112.208761,42.727608,1413.839011
-112.208867,42.728083,1414.033385
-112.208967,42.728531,1414.720204
-112.209251,42.729876,1411.257273
-112.209587,42.731356,1407.483674
-112.209641,42.731594,1406.769908
-112.209804,42.732367,1406.2268
-112.210016,42.732799,1405.937999
-112.210149,42.733012,1405.011308
-112.2104,42.7333,1403.9472
-112.210815,42.733682,1408.848443
-112.211395,42.734248,1407.5416
-112.211633,42.734541,1407.59
-112.211846,42.734824,1406.7088
-112.211999,42.735061,1405.8268
-112.212206,42.735426,1406.215162
-112.212235,42.735492,1406.414925
-112.2125,42.736104,1406
-112.212735,42.736664,1407.4428
-112.213134,42.737564,1406.4352
-112.213337,42.73802,1404.9868
-112.213856,42.739152,1403.124652
-112.213985,42.739434,1403.62941
-112.214107,42.73971,1406.288149
-112.214296,42.740136,1407.592084
-112.214606,42.740814,1406.6976
-112.214659,42.740978,1408.0176
-112.21473,42.741203,1409.256062
-112.214897,42.741768,1409.612468
-112.214975,42.742135,1410.046
-112.21499,42.742247,1410.2332
-112.215028,42.74253,1410.618573
-112.215098,42.743124,1408.96107
-112.215143,42.743553,1407.4556
-112.215217,42.744266,1406.158243
-112.215289,42.74499,1405.9596
-112.215393,42.74589,1407.823962
-112.215433,42.746255,1408.8416
-112.215478,42.746674,1406.551029
-112.215494,42.746821,1406.320079
-112.215523,42.747111,1406.7168
-112.215598,42.747865,1407.274421
-112.21573,42.749365,1410.391216
-112.215759,42.749851,1410.945141
-112.215746,42.750455,1410.808826
-112.215746,42.75047,1410.82887
-112.215697,42.750962,1410.272661
-112.215583,42.75144,1410.438979
-112.215471,42.751989,1410.168774
-112.215203,42.753145,1410.981082
-112.215148,42.753303,1410.568982
-112.215136,42.754096,1410.802708
-112.215179,42.754991,1404.9096
-112.215196,42.755216,1403.897349
-112.215224,42.755572,1403.751478
-112.215334,42.756948,1396.7848
-112.215401,42.758,1397.1128
-112.215427,42.758401,1398.7064
-112.215517,42.759391,1399.0852
-112.215603,42.7598,1400.583248
-112.21563,42.759885,1400.510096
-112.215741,42.760242,1400.911574
-112.215835,42.760396,1401.256246
-112.216002,42.760672,1401.993462
-112.216314,42.761103,1402.514255
-112.216497,42.761301,1401.645486
-112.216951,42.761794,1401.317182
-112.217325,42.762226,1400.939368
-112.218541,42.763605,1403.685647
-112.21867,42.763763,1403.4576
-112.218934,42.764086,1402.816761
-112.219027,42.764231,1402.704703
-112.219184,42.764505,1404.276006
-112.219333,42.764874,1405.074016
-112.219549,42.765734,1400.7416
-112.219622,42.766049,1401.557975
-112.219932,42.766798,1397.597859
-112.220124,42.767263,1393.051863
-112.220869,42.768751,1391.749476
-112.221742,42.77052,1391.895686
-112.221837,42.770711,1392.712507
-112.222525,42.771935,1393.45412
-112.223149,42.773242,1393.549792
-112.22336,42.773792,1392.424
-112.223402,42.774018,1391.401901
-112.223473,42.774384,1391.0452
-112.223486,42.77559,1392.32015
-112.223489,42.775979,1391.7096
-112.223513,42.777199,1387.065128
-112.223572,42.778469,1387.927467
-112.223579,42.778619,1387.524483
-112.223576,42.779441,1386.6196
-112.223595,42.779929,1384.584025
-112.223606,42.780217,1383.2372
-112.223624,42.781402,1382
-112.223656,42.781824,1382.5664
-112.223779,42.782291,1384.097951
-112.224034,42.782944,1385.312604
-112.224364,42.783389,1387.258436
-112.224449,42.783493,1387.5584
-112.224633,42.78374,1387.934237
-112.224793,42.783899,1387.763749
-112.225016,42.784145,1388.844
-112.225313,42.784418,1389
-112.225511,42.784559,1389
-112.225881,42.784845,1388.808153
-112.226103,42.785001,1389.04
-112.226515,42.785217,1390.1084
-112.227109,42.785445,1389.6116
-112.227711,42.785663,1389.106987
-112.228652,42.785913,1391.5736
-112.230587,42.786192,1389.3428
-112.232436,42.786476,1390.1952
-112.232807,42.786545,1391.874878
-112.233141,42.786632,1392.9436
-112.233322,42.786679,1393.3516
-112.233692,42.786802,1391.7584
-112.234079,42.786931,1388.35385
-112.234653,42.787122,1384.117066
-112.235522,42.787468,1384.112484
-112.236453,42.787786,1378.052368
-112.237541,42.788172,1376.652526
-112.23946,42.78886,1378.896
-112.240441,42.789164,1379.423682
-112.24197,42.789693,1376.927357
-112.243746,42.790334,1379
-112.245369,42.790901,1376.572
-112.246494,42.791241,1381.26614
-112.247186,42.791451,1378.809243
-112.24773,42.791609,1377.7924
-112.248355,42.791804,1378.960563
-112.248725,42.791973,1379.060652
-112.249541,42.792162,1377.92464
-112.250276,42.7924,1378.64
-112.251508,42.792814,1380.4288
-112.252274,42.793162,1378.545372
-112.252527,42.793277,1377.560576
-112.253383,42.793782,1379.521998
-112.253737,42.793965,1377.5468
-112.254311,42.794276,1378.102285
-112.254944,42.794594,1379.5384
-112.256612,42.79551,1380.5576
-112.257467,42.795992,1376.4524
-112.258825,42.796714,1382.472008
-112.260297,42.797525,1390.027028
-112.260934,42.79781,1391.1016
-112.261177,42.797889,1391.506625
-112.261454,42.797978,1391.6936
-112.261528,42.79796,1390.9664
-112.261687,42.797973,1389.983755
-112.262517,42.798094,1387.22407
-112.262619,42.798109,1387.038824
-112.263595,42.798374,1388.2928
-112.268401,42.79895,1386.4164
-112.271066,42.799267,1387.0836
-112.272513,42.799443,1392.9844
-112.272606,42.79946,1393.18937
-112.273225,42.799536,1396.9396
-112.274368,42.799638,1397.6968
-112.275557,42.799701,1400.9236
-112.27592,42.79971,1401.58
-112.277354,42.799687,1404.316708
-112.277883,42.799635,1402
-112.278146,42.79963,1402
-112.278653,42.799574,1403.070333
-112.281172,42.79939,1405.329274
-112.283573,42.799206,1409.268172
-112.284397,42.799142,1409.237633
-112.284845,42.799114,1406.116
-112.285202,42.799094,1404.463036
-112.285909,42.799043,1404.2724
-112.287395,42.798929,1404.856217
-112.287709,42.798909,1406.595126
-112.288708,42.798833,1405.7988
-112.290305,42.798721,1406.2976
-112.291803,42.798612,1406.001629
-112.293042,42.798525,1405.7388
-112.294806,42.798397,1405.764253
-112.297357,42.798217,1407.5812
-112.299073,42.7981,1408.8228
-112.301191,42.797939,1409.747323
-112.302196,42.797811,1411.03649
-112.303498,42.797605,1407.531922
-112.304338,42.797468,1406.1152
-112.305797,42.797231,1402.959867
-112.30688,42.797049,1399.304125
-112.308859,42.796753,1389.3108
-112.309312,42.796676,1389.0672
-112.311553,42.796333,1383.208
-112.313923,42.795948,1374.949308
-112.314287,42.795888,1374.455254
-112.315254,42.79576,1373
-112.315345,42.795752,1373.242
-112.316133,42.795685,1373.858558
-112.317131,42.795666,1373.3432
-112.317884,42.795701,1375.0472
-112.318677,42.795794,1373.891988
-112.321147,42.796088,1372.776851
-112.32141,42.796123,1371.970053
-112.322638,42.796291,1371.7112
-112.323809,42.796438,1370.652448
-112.325204,42.796571,1374.6556
-112.326692,42.796582,1373.3904
-112.327232,42.796582,1374.365929
-112.328056,42.796543,1372.999112
-112.328398,42.796526,1372.62429
-112.329041,42.796499,1374.037737
-112.329647,42.796464,1374.737976
-112.331892,42.796372,1374
-112.332255,42.79635,1374.01652
-112.334658,42.796212,1372
-112.336216,42.796138,1369.939752
-112.338672,42.795992,1370.4288
-112.343343,42.795748,1371.6928
-112.346405,42.795626,1372.7028
-112.351133,42.795411,1368.558192
-112.351968,42.795374,1369.6928
-112.353044,42.795355,1370.278
-112.353865,42.795381,1369.339642
-112.354744,42.795441,1366.778732
-112.355382,42.795504,1365.676763
-112.356209,42.795603,1366.74741
-112.356741,42.795683,1365.686025
-112.357301,42.795785,1365.706907
-112.358317,42.796004,1366.421727
-112.35945,42.796291,1370.282248
-112.359912,42.7964,1368.6336
-112.359961,42.796411,1368.2808
-112.360284,42.796494,1368.008476
-112.360426,42.796542,1368.29412
-112.360548,42.796568,1368.627261
-112.362014,42.796909,1367.8772
-112.362451,42.797078,1367.908413
-112.362782,42.797296,1368.261563
-112.362954,42.79745,1368.299792
-112.363254,42.797955,1370.017387
-112.363322,42.79826,1371.766029
-112.363389,42.798558,1374.187684
-112.363618,42.799733,1383.152313
-112.363844,42.800918,1390.628
-112.364028,42.801631,1390.500595
-112.364313,42.802173,1390.872047
-112.364599,42.802511,1393.0792
-112.36489,42.802768,1394.9296
-112.365007,42.802872,1394.9748
-112.365772,42.803614,1395.218504
-112.366976,42.804674,1395.1736
-112.367779,42.805427,1393.002364
-112.369733,42.807258,1396.2576
-112.370692,42.808159,1394.129846
-112.371462,42.808889,1394.264
-112.371928,42.809305,1397.970282
-112.372449,42.80978,1396.537011
-112.373621,42.810849,1397.016784
-112.373745,42.810963,1396.534805
-112.375652,42.812719,1397.937868
-112.376361,42.813387,1400.173803
-112.376841,42.813839,1400.8204
-112.378748,42.815563,1401.040393
-112.379881,42.816517,1399.583156
-112.380572,42.817037,1397.3332
-112.381045,42.817393,1397.677845
-112.381541,42.817767,1397.9612
-112.381902,42.818038,1397.1528
-112.38247,42.818444,1395.108
-112.382609,42.818542,1394.6076
-112.383011,42.818827,1394.7772
-112.383114,42.8189,1395.241984
-112.383377,42.819086,1395.8428
-112.383645,42.819283,1394.439387
-112.38435,42.819778,1394.2008
-112.384427,42.819832,1394.3952
-112.385819,42.820837,1393.974281
-112.386096,42.821031,1392.304089
-112.387587,42.822069,1390
-112.387947,42.822349,1389.5436
-112.389081,42.823107,1388.8148
-112.389262,42.823227,1388.3828
-112.389832,42.823616,1385.629356
-112.389844,42.823624,1385.628342
-112.389916,42.823673,1385.680625
-112.390678,42.824173,1386.0456
-112.390882,42.824307,1386.921889
-112.391462,42.824699,1385.977996
-112.392153,42.825155,1385.889854
-112.393105,42.825788,1387.6736
-112.39471,42.826934,1387.044
-112.394826,42.827028,1387.3008
-112.395091,42.827225,1388.003276
-112.395204,42.827308,1388.226783
-112.395659,42.827675,1387.862212
-112.396248,42.82815,1387.827552
-112.396294,42.828189,1387.835895
-112.396856,42.828612,1386.998981
-112.397214,42.828906,1387.1232
-112.397566,42.829186,1387.983463
-112.397972,42.829519,1385.576335
-112.398829,42.830218,1385.076009
-112.39955,42.830841,1384
-112.400075,42.831271,1383.420188
-112.400831,42.831886,1381.2104
-112.400877,42.831923,1381.222264
-112.400973,42.832002,1381.19142
-112.401339,42.831735,1382.618582
-112.401639,42.831552,1382.5124
-112.401959,42.831376,1383.950031
-112.402461,42.831181,1383.105075
-112.403001,42.831053,1384.0128
-112.403717,42.830973,1383.808333
-112.405389,42.830858,1381.676444
-112.405533,42.830852,1382.708657
-112.408698,42.830712,1380.950231
-112.409312,42.830656,1379.695611
-112.409781,42.830564,1381.205167
-112.410074,42.83048,1381.728
-112.410385,42.830355,1380.892
-112.410776,42.830162,1379.338455
-112.411662,42.829637,1368.13
-112.413002,42.828824,1359.004238
-112.414104,42.828121,1359
-112.414489,42.827835,1359.172958
-112.414743,42.827609,1358.437848
-112.414923,42.827416,1358.638975
-112.415046,42.827257,1358.689533
-112.415241,42.826943,1358.127888
-112.416012,42.825304,1362.689764
-112.41614,42.825107,1364.317418
-112.416339,42.824948,1367.2024
-112.416489,42.824829,1368.8468
-112.417457,42.825487,1364.184
-112.417575,42.825568,1364.192496
-112.417935,42.825823,1364.6032
-112.418229,42.826158,1365.8312
-112.419004,42.826918,1362.924
-112.42032,42.828108,1360.057395
-112.420797,42.828562,1365.215451
-112.421949,42.829711,1368.096537
-112.422319,42.830051,1367.733668
-112.423853,42.831438,1371.165515
-112.425607,42.833083,1373.8148
-112.426106,42.833572,1371.297409
-112.426647,42.834109,1371.2076
-112.426773,42.834254,1370.8224
-112.42686,42.834376,1370.1312
-112.427104,42.834731,1368.310596
-112.42763,42.835774,1367.567965
-112.428013,42.836465,1362.187577
-112.428373,42.837131,1365.059582
-112.428679,42.837549,1365.8236
-112.428733,42.838164,1362.2192
-112.42871,42.839034,1364.356
-112.428697,42.839347,1364.3092
-112.428687,42.83983,1363.8852
-112.428676,42.84079,1362
-112.428681,42.841446,1361.2516
-112.42868,42.841497,1361.248
-112.428695,42.841891,1361.865705
-112.428707,42.842205,1360.124
-112.428721,42.842359,1358.328007
-112.428739,42.842487,1356.701547
-112.428828,42.842866,1357
-112.428887,42.843091,1356.873268
-112.42902,42.843335,1355.524832
-112.429518,42.843905,1357.042642
-112.429859,42.844247,1355.782402
-112.429876,42.844264,1355.589181
-112.430189,42.844578,1354.301009
-112.431894,42.846255,1357.394469
-112.432616,42.846954,1355.602435
-112.433436,42.847806,1356.667951
-112.433724,42.848061,1356.601565
-112.435879,42.849733,1360.889979
-112.436412,42.850143,1355.972863
-112.436999,42.850594,1355.307618
-112.43813,42.851465,1356.200568
-112.438315,42.851613,1356.053249
-112.439203,42.852277,1353.156594
-112.439455,42.852469,1354.9264
-112.43996,42.852876,1357.697318
-112.440894,42.853687,1355.7816
-112.441219,42.853999,1356.1812
-112.44145,42.85418,1358.44
-112.441698,42.854386,1360.1128
-112.441804,42.854477,1360.436456
-112.441859,42.854523,1360.496589
-112.442038,42.854676,1360.391113
-112.442118,42.854744,1360.497416
-112.442241,42.854848,1359.989809
-112.442364,42.854954,1358.736278
-112.442746,42.855282,1358.8856
-112.44308,42.855587,1360
-112.443623,42.856053,1360.824646
-112.443995,42.856378,1362
-112.444142,42.856505,1361.582
-112.444184,42.856545,1361.438
-112.444493,42.856814,1361.1748
-112.444726,42.857017,1361.209905
-112.445362,42.857572,1359.5624
-112.446266,42.85836,1360.4616
-112.44637,42.858447,1360.5228
-112.446499,42.858555,1360.914727
-112.446803,42.858811,1362.12438
-112.446993,42.858971,1362.5836
-112.447056,42.859024,1362.4288
-112.447132,42.859088,1362.2416
-112.447584,42.859491,1360.8324
-112.447632,42.859531,1360.6884
-112.447867,42.85972,1360.00543
-112.44803,42.85985,1360
-112.448274,42.860058,1359.2136
-112.448433,42.860193,1359
-112.448902,42.860592,1360.0472
-112.449226,42.860876,1361.334391
-112.449516,42.86113,1362.068
-112.449662,42.861257,1362.5252
-112.44977,42.861352,1362.890042
-112.450129,42.861668,1364
-112.450637,42.862115,1363.386
-112.45142,42.862771,1361.0244
-112.451511,42.862848,1361.2528
-112.451743,42.863055,1361.72375
-112.452383,42.863624,1363.019544
-112.453194,42.864311,1363.239431
-112.453245,42.864355,1363.219604
-112.452673,42.864714,1362
-112.45262,42.864748,1361.94729