-112.452995,42.865701,1359.7348
-112.453087,42.865778,1359.534149
-112.453948,42.866531,1358.103932
-112.454285,42.866831,1358.765578
-112.454566,42.867081,1359
-112.454755,42.867247,1359.118
-112.454806,42.867292,1359.3016
-112.455368,42.866943,1361.996489
-112.455879,42.866628,1363.1644
-112.456732,42.867378,1361.4392
-112.457138,42.867721,1360.9012
-112.457612,42.868121,1363.8064
-112.458491,42.868873,1363.592333
-112.459316,42.869652,1362
-112.460186,42.870407,1363
-112.461062,42.871164,1362
-112.461926,42.871912,1362.0664
-112.462594,42.872454,1361.717639
-112.462928,42.872746,1360.1144
-112.463007,42.872809,1360.1124
-112.463265,42.873042,1360.1972
-112.463696,42.873422,1361.3192
-112.464558,42.874183,1361.5912
-112.465432,42.87493,1362.4448
-112.4663,42.875672,1360.470912
-112.46807,42.877198,1358.8088
-112.469075,42.878033,1356.5788
-112.469668,42.878526,1356.758628
-112.471592,42.880008,1348.065341
-112.473195,42.881249,1350
-112.473483,42.88148,1350
-112.475117,42.882739,1356.0588
-112.475703,42.883185,1353.817447
-112.476122,42.883516,1353.395022
-112.476363,42.883721,1353.5112
-112.476655,42.884074,1354.916
-112.476831,42.884385,1354.0196
-112.476952,42.884692,1353.136
-112.477004,42.884927,1353.2144
-112.477023,42.885157,1352.557761
-112.47703,42.885349,1351.7436
-112.476993,42.88566,1351.065725
-112.476925,42.88591,1351.32668
-112.4768,42.886308,1353.389248
-112.476356,42.88754,1352.10135
-112.476237,42.887875,1352.15862
-112.476183,42.888161,1352.441919
-112.476169,42.888355,1352.807855
-112.476158,42.88857,1352.975018
-112.476151,42.888945,1351.970993
-112.476174,42.889951,1352.7736
-112.47619,42.890106,1352.3344
-112.4762,42.890285,1351.732
-112.476203,42.890396,1352.5204
-112.47617,42.89051,1353.46
-112.476228,42.890575,1353.689744
-112.476164,42.890662,1354.503039
-112.476087,42.890772,1355.509931
-112.476322,42.890964,1354.612183
-112.477153,42.891641,1352.410974
-112.477398,42.891835,1352.606
-112.478274,42.892562,1355.630076
-112.478538,42.892685,1356.666
-112.478961,42.893028,1354.455048
-112.479406,42.893332,1352.142536
-112.479923,42.893646,1351.5284
-112.480363,42.893875,1353.26708
-112.480702,42.894049,1352.5764
-112.481135,42.894245,1353
-112.481529,42.894408,1352.4956
-112.484471,42.895603,1353.496072
-112.485206,42.895898,1353.2584
-112.485798,42.896143,1353.442395
-112.486761,42.896527,1352.829249
-112.487574,42.896855,1350.0556
-112.488292,42.897142,1350.385827
-112.495722,42.900178,1351.4008
-112.497581,42.90091,1350.064882
-112.498195,42.901156,1349.416877
-112.500536,42.902109,1349.634105
-112.501426,42.902476,1349.78
-112.501637,42.902564,1349.057587
-112.502726,42.903019,1349.29347
-112.503366,42.90327,1344.174374
-112.503511,42.903327,1343.993634
-112.503863,42.903465,1344.948
-112.503998,42.903522,1345.3584
-112.504418,42.903698,1347.560179
-112.505455,42.904104,1342.505933
-112.507874,42.905094,1343
-112.508351,42.905294,1344
-112.50876,42.905465,1343.638736
-112.509516,42.905746,1343.2576
-112.510927,42.906309,1341.3372
-112.511873,42.906701,1342.21541
-112.512256,42.906854,1341.513207
-112.513276,42.907269,1344.453558
-112.514413,42.907728,1343.8868
-112.514857,42.907898,1344.760405
-112.515335,42.908077,1345.732703
-112.515834,42.908249,1344.697129
-112.516452,42.908442,1346.440639
-112.516992,42.908601,1343.914063
-112.517601,42.908766,1341.806
-112.518433,42.908966,1347.177997
-112.519794,42.909294,1348.918451
-112.521349,42.909664,1352.2096
-112.522097,42.909844,1351.925569
-112.523827,42.910253,1350.262274
-112.524892,42.910509,1353.270037
-112.525457,42.910644,1350.512568
-112.526192,42.91077,1351.744006
-112.52704,42.910904,1351.4016
-112.52721,42.910635,1351.758
-112.527295,42.910581,1351.670399
-112.527413,42.910552,1351.334791
-112.52746,42.910541,1351.241254
-112.527711,42.910538,1351.078393
-112.528714,42.910672,1351.053528
-112.529153,42.910693,1352.916056
-112.530024,42.910689,1354.436587
-112.531137,42.910639,1354.0056
-112.531917,42.910572,1353.934951
-112.532767,42.910478,1356
-112.533558,42.910349,1357.345024
-112.533941,42.910269,1359.181672
-112.535046,42.910088,1359.377476
-112.535732,42.909927,1361.166931
-112.536676,42.909706,1358.968362
-112.537738,42.909445,1360.858514
-112.538593,42.909237,1362.951309
-112.539265,42.909089,1362.180622
-112.54041,42.908827,1361.184453
-112.541391,42.908592,1358.0688
-112.542285,42.908388,1359.8032
-112.543553,42.908112,1361.957491
-112.544935,42.907767,1358.107321
-112.547058,42.907264,1362
-112.548831,42.906841,1357.875592
-112.550269,42.906508,1359.38365
-112.550379,42.906483,1359.3388
-112.551497,42.906219,1357.3884
-112.5521,42.906093,1357.1304
-112.553593,42.905732,1356.323385
-112.553956,42.905652,1357.820567
-112.555252,42.905335,1358.206
-112.555399,42.905301,1358.0836
-112.556724,42.904994,1357.017142
-112.558475,42.904616,1354.697376
-112.559845,42.904281,1354.558
-112.560655,42.904103,1354.2292
-112.564288,42.903265,1355.138547
-112.565091,42.903071,1354.9444
-112.566382,42.902778,1354.99998
-112.567097,42.90261,1354.4508
-112.567832,42.902437,1354.075871
-112.568361,42.902301,1353
-112.569202,42.902118,1353.6248
-112.570649,42.90178,1353.009702
-112.574194,42.900947,1356.368935
-112.57614,42.900496,1359.977702
-112.577935,42.900083,1358.532079
-112.580218,42.899551,1363.802951
-112.582076,42.899118,1364.215425
-112.582671,42.898983,1364.762235
-112.582966,42.89891,1364.854102
-112.584343,42.898592,1362.522326
-112.587125,42.897956,1359.58296
-112.587533,42.897858,1359.915509
-112.58794,42.897746,1359.27639
-112.588273,42.897647,1358.790258
-112.588709,42.89751,1358.012686
-112.589009,42.897412,1359.224431
-112.589403,42.897278,1360.341681
-112.589711,42.897173,1359.8228
-112.590038,42.897066,1359.4376
-112.59037,42.896965,1359.049432
-112.590756,42.896859,1359.807236
-112.591189,42.896744,1360.7216
-112.591646,42.896634,1361
-112.592995,42.89632,1359.218
-112.595361,42.895764,1357.7004
-112.597789,42.895193,1356.3052
-112.600236,42.894616,1356.3824
-112.602913,42.893991,1354.599052
-112.605224,42.893448,1354.526482
-112.607181,42.892985,1352.4024
-112.607712,42.89286,1352.633907
-112.609099,42.892543,1353.6016
-112.610033,42.892321,1353.957755
-112.612121,42.891832,1354.013909
-112.614475,42.891279,1351
-112.616955,42.890694,1352.015861
-112.619263,42.890157,1351.912
-112.621582,42.889616,1353.501044
-112.622824,42.889326,1350.1664
-112.623101,42.889267,1351.104508
-112.623349,42.889226,1351.73
-112.623585,42.889194,1350.9956
-112.62392,42.889154,1350.852614
-112.624266,42.889118,1350.112548
-112.624661,42.889077,1350
-112.625211,42.889023,1350.4828
-112.625579,42.888974,1350.222
-112.62594,42.888915,1348.746096
-112.626309,42.888839,1347.2876
-112.626851,42.888719,1348
-112.627367,42.888596,1348.547247
-112.627893,42.888472,1349
-112.629676,42.888058,1349.8248
-112.631279,42.887683,1349
-112.633249,42.887223,1350.30555
-112.635425,42.886712,1349.6932
-112.637124,42.886318,1350.481439
-112.638683,42.885961,1348.118944
-112.639373,42.885801,1348.1408
-112.640204,42.885605,1344.312877
-112.641976,42.885196,1339.919844
-112.642331,42.885113,1339.360903
-112.642489,42.885078,1339.02848
-112.643541,42.88483,1340.3596
-112.644671,42.884608,1339
-112.645409,42.884424,1340
-112.646198,42.884245,1339.77541
-112.647701,42.883853,1339.1292
-112.647951,42.883788,1339.760308
-112.649828,42.883256,1343
-112.654073,42.881991,1350.6648
-112.65518,42.881654,1349.717498
-112.658114,42.880799,1348.9132
-112.660013,42.880236,1349.110639
-112.661054,42.879919,1347.020447
-112.667886,42.877924,1349.405315
-112.670393,42.877172,1351.105804
-112.673922,42.876126,1350.0536
-112.675655,42.875604,1351.878835
-112.677772,42.874944,1349
-112.681339,42.873875,1349.12062
-112.681996,42.873678,1348.859092
-112.683198,42.873334,1347.5128
-112.684533,42.872938,1347.258
-112.685988,42.872522,1347.955901
-112.688769,42.871697,1347.493669
-112.690638,42.871156,1347.7032
-112.692679,42.870532,1346.7292
-112.693999,42.870147,1347.09755
-112.69496,42.871907,1349.7304
-112.695312,42.87257,1346.6248
-112.69573,42.873339,1347.628
-112.696092,42.873972,1348.632
-112.696227,42.873911,1349.304391
-112.696347,42.873849,1349.727255
-112.696611,42.873679,1348.853556
-112.697127,42.873359,1347.282075
-112.697184,42.873323,1347.058081
-112.697641,42.873036,1345.035735
-112.697985,42.872823,1345.8372
-112.698281,42.872637,1346.5068
-112.698538,42.872473,1346.928383
-112.699084,42.872134,1344.885482
-112.69941,42.871933,1344.881109
-112.699751,42.871716,1345.2812
-112.69995,42.871592,1346.0888
-112.70017,42.871453,1346.7692
-112.700556,42.87121,1346.9984
-112.701147,42.870843,1346
-112.701499,42.87062,1345.323965
-112.702139,42.87017,1346.204645
-112.703989,42.869032,1345.4848
-112.705285,42.868236,1348.589821
-112.706725,42.867348,1346.019824
-112.708302,42.86638,1342.968
-112.709536,42.865695,1342.671718
-112.710593,42.865191,1343.582688
-112.712114,42.864557,1343.652534
-112.71369,42.863988,1343.817331
-112.717034,42.862858,1345.481909
-112.718233,42.862443,1343.074118
-112.719085,42.862163,1344.768681
-112.722508,42.860988,1344
-112.724041,42.860477,1345.2828
-112.726989,42.859463,1344.0668
-112.729459,42.858628,1346.944414
-112.737547,42.855853,1347
-112.738781,42.85543,1344.8404
-112.741939,42.854333,1345.992136
-112.744518,42.853458,1345.881158
-112.746434,42.852781,1346
-112.748271,42.852151,1343.423264
-112.752109,42.85082,1343.58353
-112.759066,42.848436,1344.6304
-112.759988,42.848111,1344.912755
-112.761027,42.847745,1343.07613
-112.762189,42.847286,1344.2296
-112.76274,42.847037,1342.242515
-112.763132,42.846847,1342.17866
-112.763832,42.846474,1342.7952
-112.764314,42.846204,1342.312566
-112.764611,42.846056,1341.881039
-112.765788,42.845412,1343.595658
-112.766095,42.845208,1344.2512
-112.766565,42.844858,1347.5336
-112.767568,42.844072,1345.502172
-112.767717,42.843989,1345.921144
-112.767915,42.843931,1345.506
-112.767952,42.84392,1345.3728
-112.768198,42.843908,1344.451919
-112.76834,42.843928,1343.838579
-112.768424,42.843954,1343.515708
-112.768589,42.844028,1343.039736
-112.768833,42.843821,1343.603573
-112.769039,42.84363,1343.645147
-112.769538,42.843096,1340.712238
-112.769703,42.842887,1338.813609
-112.769927,42.842597,1340.38263
-112.770206,42.842111,1345.7416
-112.770629,42.841377,1345.0428
-112.770678,42.841223,1345.5972
-112.770731,42.840978,1346
-112.770808,42.84077,1345.772
-112.770877,42.840548,1345.0544
-112.77095,42.840257,1347.1496
-112.771052,42.839667,1348.6024
-112.771091,42.839254,1346.950363
-112.771102,42.838127,1346.265636
-112.771104,42.837636,1346.477066
-112.771103,42.837078,1345.520321
-112.771131,42.83572,1346.970787
-112.771109,42.835343,1346.240616
-112.77111,42.834978,1345.925117
-112.770908,42.834916,1346.649915
-112.770844,42.834904,1346.948329
-112.770411,42.834762,1348.445879
-112.769518,42.834476,1346.1512
-112.769165,42.834326,1344.4264
-112.769548,42.833267,1344.4776
-112.770837,42.830942,1350.222764
-112.771028,42.830467,1351
-112.771068,42.830266,1351.0424
-112.771097,42.829965,1351.880401
-112.771106,42.829577,1351.00878
-112.771125,42.829263,1350.9
-112.771122,42.829185,1350.9216
-112.771113,42.828892,1350.011048
-112.771102,42.828172,1346.8437
-112.771105,42.828039,1345.9624
-112.771103,42.827548,1345.8564
-112.771102,42.827297,1346.00883
-112.771111,42.826925,1345.000028
-112.771128,42.825666,1346.902574
-112.771147,42.825192,1347
-112.771174,42.825065,1347
-112.771408,42.824566,1345.8752
-112.77163,42.82419,1345
-112.771806,42.823921,1345
-112.771835,42.823871,1344.896574
-112.772218,42.823207,1339.6204
-112.772484,42.822729,1337.894915
-112.772702,42.822369,1337.912652
-112.772988,42.821851,1334.004425
-112.773299,42.821358,1334.1112
-112.773354,42.821261,1334.4604
-112.773608,42.820813,1335.15842
-112.774236,42.819713,1338.592113
-112.774356,42.819521,1339.316249
-112.774734,42.818861,1344.205057
-112.775052,42.818321,1348.223288
-112.775492,42.81762,1350
-112.775747,42.817322,1348.67
-112.775849,42.817225,1347.954164
-112.775979,42.817123,1347.8328
-112.776321,42.816867,1348.768261
-112.776417,42.816795,1349.614
-112.776666,42.816629,1351.000325
-112.777128,42.816406,1347.780705
-112.777888,42.816098,1347
-112.778038,42.816024,1347
-112.778387,42.815881,1347.5364
-112.778586,42.815785,1347.75133
-112.778794,42.8157,1348.1784
-112.778985,42.815613,1348.135247
-112.779154,42.815554,1348.005345
-112.779377,42.815445,1348.552469
-112.780436,42.814991,1348.583545
-112.781035,42.814733,1349
-112.78133,42.814596,1349.429933
-112.781686,42.814449,1348.9468
-112.781826,42.814383,1348.11088
-112.782278,42.814183,1348.2008
-112.782876,42.813928,1347.231813
-112.783332,42.813717,1347.3764
-112.783753,42.813533,1349.596763
-112.784032,42.813421,1350.1464
-112.784186,42.813345,1350.081077
-112.784439,42.813239,1349.653744
-112.78544,42.812811,1350.810554
-112.78555,42.812768,1350.999296
-112.785878,42.812611,1350.2388
-112.786201,42.812484,1348.695039
-112.786789,42.812224,1350.875163
-112.786981,42.812156,1351.792973
-112.787134,42.812081,1351.838532
-112.787285,42.812024,1352
-112.787669,42.811879,1350.5476
-112.788456,42.811524,1350.456788
-112.788659,42.811438,1351.14192
-112.788929,42.8113,1351.261808
-112.789061,42.811244,1350.660383
-112.789205,42.811187,1350.172902
-112.789374,42.811097,1349.189917
-112.790177,42.810783,1347.1812
-112.790344,42.810721,1347.6428
-112.790468,42.810678,1348.244
-112.790728,42.810533,1349.030791
-112.7917,42.810111,1349.351648
-112.792839,42.809606,1350.184431
-112.794183,42.809055,1351
-112.796658,42.807999,1352
-112.797631,42.80755,1350.7084
-112.798393,42.80722,1348.992
-112.799828,42.806572,1347.171023
-112.801584,42.805837,1345.706328
-112.802477,42.805438,1348.0828
-112.802641,42.805375,1348
-112.803034,42.80522,1347.584
-112.803483,42.805005,1346.036
-112.80403,42.804781,1346.120107
-112.804579,42.804529,1348.7888
-112.804835,42.804404,1349.201286
-112.805668,42.804047,1348.5432
-112.805866,42.80397,1348.618339
-112.806191,42.803819,1348.036
-112.806758,42.803575,1348.87
-112.80755,42.803254,1347.4656
-112.808258,42.802945,1349.892062
-112.808556,42.802815,1349.305814
-112.809224,42.802518,1347.193025
-112.810074,42.802156,1349.76911
-112.811383,42.801576,1346
-112.812021,42.801293,1344.6548
-112.81223,42.801206,1344.3136
-112.812342,42.80116,1343.7448
-112.813697,42.800576,1341.639957
-112.814977,42.800037,1340.784
-112.815455,42.799826,1343.491157
-112.815546,42.799786,1343.762502
-112.815568,42.799776,1343.8512
-112.816993,42.799128,1344.360868
-112.817621,42.798826,1347.2092
-112.818085,42.798578,1347.9868
-112.818747,42.798204,1347.762172
-112.819344,42.797833,1348.8372
-112.819782,42.797572,1349.2152
-112.821375,42.796578,1347.3192
-112.822836,42.7957,1348.6896
-112.823485,42.795306,1351.7968
-112.823877,42.795054,1351.81392
-112.824102,42.79485,1352.2272
-112.824343,42.794531,1352
-112.824574,42.794232,1352
-112.824719,42.794015,1352.552334
-112.824907,42.793747,1352.8456
-112.825078,42.793519,1352.812313
-112.82532,42.793287,1353.3336
-112.825599,42.793106,1354.6368
-112.825947,42.792976,1355.45
-112.826173,42.792933,1355.225301
-112.8265,42.792925,1355.528
-112.826818,42.792949,1357.2404
-112.827475,42.793023,1359.3516
-112.828627,42.793176,1356.674398
-112.829204,42.793243,1354.400907
-112.82967,42.793299,1350.829237
-112.8301,42.793287,1349.967152
-112.830395,42.793243,1351.260366
-112.830765,42.793157,1351.994239
-112.831011,42.793059,1351.691531
-112.831285,42.792964,1350.49727
-112.832617,42.792377,1347.1576
-112.83379,42.79186,1344.304
-112.834559,42.791536,1348
-112.83477,42.791449,1347.828
-112.835209,42.791254,1347.120235
-112.835865,42.790967,1344.919314
-112.836397,42.790749,1346.627535
-112.836911,42.790498,1348
-112.837488,42.790205,1347.5672
-112.838064,42.789899,1344.705093
-112.838757,42.789536,1344.832212
-112.839037,42.789389,1346.14632
-112.839216,42.789292,1346.531333
-112.839276,42.789261,1346.473267
-112.839663,42.78907,1346.512994
-112.842167,42.78777,1348.204366
-112.842606,42.787535,1348.333518
-112.843303,42.787172,1350
-112.843667,42.786988,1349.8432
-112.84403,42.786802,1349.492
-112.844554,42.786518,1347.2112
-112.84581,42.78586,1346.82
-112.846601,42.785451,1348.712581
-112.847572,42.784944,1347.7984
-112.848072,42.784684,1346.948946
-112.848575,42.784424,1346.13
-112.848969,42.784222,1345.230951
-112.849144,42.784133,1345.9184
-112.84928,42.784086,1346.118483
-112.849413,42.784054,1346.359686
-112.849567,42.784033,1347.347011
-112.849723,42.784053,1348.232054
-112.849882,42.784086,1348.854562
-112.851764,42.784657,1350.2992
-112.852627,42.78491,1346.148133
-112.853829,42.785262,1345.012246
-112.854106,42.785343,1344.16712
-112.854333,42.784929,1343.846947
-112.854604,42.784433,1343.4668
-112.854864,42.783945,1343.592701
-112.855108,42.783512,1343.968
-112.855353,42.783063,1344
-112.855577,42.782643,1346.4852
-112.855804,42.782238,1347.9432
-112.856035,42.781812,1348
-112.856559,42.780856,1345.950028
-112.856694,42.780631,1345.9016
-112.856824,42.780459,1345.282881
-112.856922,42.780359,1345.023626
-112.857074,42.780243,1344.5336
-112.857392,42.780028,1344.061609
-112.858019,42.779639,1342.571827
-112.858467,42.779359,1340.506783
-112.858757,42.779177,1341.105263
-112.858864,42.779088,1341.588349
-112.858905,42.779041,1341.6056
-112.858954,42.778983,1341.5732
-112.858995,42.778917,1341.4832
-112.85903,42.77886,1341.612
-112.859082,42.778693,1342.4004
-112.859103,42.777759,1346.0676
-112.859101,42.776984,1347
-112.859101,42.77649,1345.9644
-112.859096,42.776016,1346.429507
-112.859098,42.775889,1346.997261
-112.859109,42.775124,1346.4152
-112.859122,42.774689,1347.141568
-112.859138,42.773631,1348.127411
-112.85914,42.772896,1350.2448
-112.85912,42.772801,1351.0008
-112.85916,42.772431,1352.101677
-112.859193,42.772306,1353.442992
-112.859216,42.77222,1354.299021
-112.859314,42.77194,1354.4408
-112.85943,42.771649,1355.089093
-112.859478,42.771536,1354.280849
-112.859635,42.771259,1352.699574
-112.860249,42.770332,1352.1952
-112.860494,42.769967,1350.907526
-112.860887,42.769368,1350
-112.861001,42.769193,1350
-112.861202,42.768875,1348.60644
-112.861281,42.768745,1347.553591
-112.861447,42.768469,1346.5116
-112.861766,42.767989,1349.665438
-112.86233,42.76708,1350.437344
-112.862404,42.766961,1350.611002
-112.86246,42.766871,1350.514326
-112.862668,42.766536,1350.679698
-112.862709,42.766475,1350.766756
-112.862961,42.76606,1349.3404
-112.863289,42.765549,1348.996233
-112.863671,42.764965,1351.126
-112.863725,42.764896,1351.3744
-112.864045,42.764425,1351.438
-112.864233,42.764148,1350.487295
-112.86461,42.763692,1349.826445
-112.864648,42.763625,1349.96336
-112.865213,42.763001,1351
-112.86559,42.762631,1350.3476
-112.865986,42.762292,1349.5496
-112.867182,42.76124,1347.928
-112.86778,42.760703,1349
-112.868071,42.760441,1349.3568
-112.868846,42.759776,1349.029892
-112.869194,42.759462,1349
-112.869875,42.758848,1347.93376
-112.870194,42.758561,1347.066791
-112.870555,42.758229,1346
-112.871988,42.756975,1343
-112.873469,42.755651,1341.0232
-112.873756,42.755408,1340.296274
-112.874332,42.754899,1340.7684
-112.874469,42.754778,1340.7992
-112.874746,42.754534,1341.0856
-112.874963,42.754334,1342.662
-112.876194,42.753281,1345.6232
-112.876878,42.752795,1345.77563
-112.877061,42.752696,1346.29607
-112.877316,42.752593,1346.447828
-112.877552,42.752508,1346.052209
-112.878097,42.752354,1343.7996
-112.878375,42.752286,1342.57476
-112.878712,42.752204,1343.404974
-112.879056,42.75211,1344.960154
-112.879747,42.751915,1347.9108
-112.880032,42.751791,1346.948436
-112.880158,42.751694,1346.94403
-112.880304,42.751545,1346.508947
-112.880427,42.751377,1345.980192
-112.880522,42.751175,1345.906984
-112.880576,42.750984,1346.4576
-112.880561,42.750851,1346.9364
-112.880531,42.750706,1347.9168
-112.880408,42.750417,1349.9976
-112.880693,42.750332,1350.211385
-112.880927,42.750273,1349.6742
-112.881115,42.750205,1348.972
-112.881199,42.750162,1348.3672
-112.881317,42.750101,1347.5176
-112.881496,42.749978,1346.6936
-112.881614,42.749855,1346.7116
-112.881721,42.749726,1346.7908
-112.881795,42.749573,1346.248986
-112.881876,42.749343,1345.6348
-112.882024,42.748681,1343.465942
-112.8821,42.748412,1344.592192
-112.882219,42.748122,1345.743149
-112.882312,42.747935,1346.140269
-112.882491,42.747703,1346.707122
-112.882738,42.747451,1344.08474
-112.883092,42.74713,1344.4632
-112.883545,42.74674,1345.439168
-112.884234,42.746117,1343.474522
-112.884578,42.745863,1345.876149
-112.88517,42.745375,1343.6694
-112.885326,42.745235,1344.026734
-112.886056,42.744621,1345.707897
-112.887372,42.743681,1343.2876
-112.888293,42.743053,1342.1544
-112.889202,42.742408,1345.577329
-112.890636,42.741411,1346.556148
-112.891281,42.740974,1346.3884
-112.892406,42.740182,1337.304
-112.893166,42.739669,1333.56316
-112.893229,42.739627,1333.460889
-112.893669,42.73929,1333.8608
-112.895119,42.73829,1339.156
-112.895781,42.737834,1337.657464
-112.897105,42.7369,1337.25648
-112.897965,42.736282,1339.451445
-112.8991,42.735508,1339.1712
-112.900769,42.734316,1335.6188
-112.900914,42.7342,1336.3496
-112.901558,42.733558,1335.098803
-112.901856,42.73321,1335.332
-112.903375,42.731594,1333.84368
-112.903751,42.731182,1331.375081
-112.903798,42.73113,1331.62705
-112.904209,42.730679,1334.3048
-112.904401,42.73049,1335.525021
-112.90508,42.729932,1335.972698
-112.905698,42.729499,1333.6836
-112.905877,42.72937,1333.06867
-112.906554,42.72893,1331.654429
-112.906949,42.728673,1332.219146
-112.907825,42.728073,1332.8744
-112.90852,42.727608,1333.416653
-112.90935,42.727053,1332.8984
-112.910001,42.726608,1332.78596
-112.911416,42.725662,1330.022799
-112.912138,42.725165,1331.7216
-112.913864,42.724028,1335.587057
-112.914509,42.723627,1332.815107
-112.915421,42.723093,1334.087103
-112.915495,42.723043,1333.160693
-112.916272,42.7226,1330.711488
-112.917464,42.721882,1329.896668
-112.918462,42.721294,1330.744971
-112.91866,42.721187,1330.876483
-112.91971,42.720571,1327.029954
-112.920616,42.720044,1327.8416
-112.921544,42.719479,1327
-112.923854,42.71815,1326.065408
-112.924078,42.718009,1327.5028
-112.924548,42.717669,1328.4104
-112.924985,42.717217,1332.16477
-112.925158,42.71693,1337.460778
-112.925281,42.716676,1337.92039
-112.925428,42.716276,1339.036943
-112.925471,42.716055,1339.938511
-112.925499,42.71584,1339.801286
-112.925496,42.715591,1338.414885
-112.925509,42.715478,1338.120806
-112.925519,42.715073,1337.2628
-112.925511,42.714553,1335.671884
-112.925558,42.713114,1339.984252
-112.92556,42.713057,1339.968083
-112.925571,42.712734,1340.055163
-112.92556,42.71249,1340.949152
-112.926412,42.712293,1340.131201
-112.926599,42.71224,1340.00319
-112.926747,42.712188,1339.334029
-112.926989,42.712087,1337.8396
-112.927235,42.711955,1336.994756
-112.927438,42.71183,1337
-112.927596,42.711699,1336.614172
-112.927759,42.711547,1336.900078
-112.927878,42.711406,1337.538225
-112.928604,42.7103,1337.738496
-112.928822,42.710019,1339.8632
-112.928971,42.709851,1339.25024
-112.929139,42.709681,1337.120839
-112.92945,42.709421,1335.231512
-112.930005,42.709023,1337.56029
-112.930494,42.70873,1337.6496
-112.93155,42.708147,1336.778128
-112.934028,42.70689,1336.8928
-112.936758,42.705576,1333.657201
-112.936791,42.70556,1333.921677
-112.938891,42.704702,1341.9272
-112.941818,42.70348,1337.472
-112.943134,42.702943,1336.396828
-112.943447,42.702795,1338.296459
-112.945512,42.701924,1336.62434
-112.946166,42.701653,1337.009722
-112.946904,42.701372,1339.9152
-112.948154,42.700857,1336.140205
-112.948471,42.700727,1336
-112.949519,42.700281,1336.7432
-112.950024,42.700066,1333.454671
-112.950851,42.69972,1333.039091
-112.951959,42.699257,1330.2728
-112.952899,42.698849,1330.429735
-112.954487,42.698078,1330.8468
-112.95512,42.697767,1331.016762
-112.956777,42.696852,1331.0628
-112.957288,42.696558,1330.341128
-112.958588,42.695776,1329.7104
-112.95944,42.695211,1329.032
-112.959981,42.69484,1328.9316
-112.960296,42.694613,1329.253406
-112.961584,42.693715,1323.339098
-112.962564,42.69302,1322.616
-112.962992,42.692707,1320
-112.963417,42.692402,1320.157863
-112.963852,42.6921,1320.1328
-112.964489,42.691652,1316.597007
-112.96513,42.691197,1317.431506
-112.965665,42.690829,1313.993854
-112.9666,42.690149,1315
-112.96712,42.689799,1312.469715
-112.967325,42.68967,1311.88156
-112.967617,42.689487,1312.356672
-112.96848,42.688842,1314.6408
-112.969299,42.688257,1314.942285
-112.96988,42.687851,1312.850275
-112.970567,42.687371,1315.063267
-112.971288,42.686833,1317.018116
-112.97218,42.6862,1313.792
-112.973168,42.685545,1312.243782
-112.974018,42.68494,1311.067597
-112.975955,42.683586,1314.768395
-112.976919,42.682901,1309.0704
-112.97734,42.682602,1307.268307
-112.979828,42.680852,1310.4848
-112.981562,42.679583,1303.5012
-112.982529,42.678826,1304.0176
-112.98281,42.678596,1302.835021
-112.984104,42.677541,1303.2256
-112.985196,42.67662,1301.1264
-112.985491,42.676371,1298.5292
-112.985763,42.67613,1298.235982
-112.986433,42.675587,1296.017976
-112.987226,42.67486,1300.021491
-112.988136,42.674009,1291.2856
-112.989065,42.673154,1290.9252
-112.990248,42.672236,1291.2144
-112.990879,42.671722,1290.967252
-112.991436,42.671268,1288.5648
-112.991811,42.670976,1288
-112.99212,42.670763,1287.6212
-112.992467,42.670556,1287.11861
-112.992824,42.670359,1287.297455
-112.993323,42.670132,1288.0496
-112.993844,42.669898,1288.5288
-112.993972,42.669846,1288.5544
-112.994124,42.669745,1288.918
-112.993539,42.669388,1287.7968
-112.992666,42.668882,1291.46198
-112.992323,42.668696,1293.640728
-112.991733,42.668375,1296.29404
-112.991555,42.668277,1296.679526
-112.990799,42.667788,1299.1736
-112.990612,42.667615,1300.712675
-112.990448,42.667435,1302.720205
-112.99024,42.667166,1308.2176
-112.990078,42.666796,1314.2264
-112.990009,42.666484,1317.196694
-112.989986,42.66614,1319.948442
-112.989997,42.666009,1321.5028
-112.990054,42.665755,1324.1752
-112.990406,42.664975,1328
-112.9911,42.663607,1331.0296
-112.991292,42.663193,1332.854
-112.991886,42.661971,1329.924514
-112.992288,42.661142,1330
-112.992448,42.660774,1330.1872
-112.99261,42.660442,1329.357085
-112.992675,42.660314,1329.048248
-112.992788,42.660134,1329.0368
-112.992962,42.659886,1329.801423
-112.993299,42.659551,1330.540213
-112.993883,42.65913,1330.018402
-112.994209,42.65896,1329.630614
-112.994501,42.65882,1328.846893
-112.995033,42.658651,1328
-112.995855,42.658392,1328.078
-112.997566,42.657878,1326.582948
-112.998564,42.657646,1331.013258
-112.999009,42.657534,1330.693748
-112.999343,42.65747,1330.528558
-112.999845,42.657314,1329.22269
-113.000222,42.657167,1327.962081
-113.000647,42.656939,1323.347062
-113.001129,42.656704,1320.359566
-113.001336,42.656558,1320.5544
-113.003131,42.655474,1320
-113.004062,42.654815,1321.540902
-113.004203,42.654694,1322.010668
-113.004665,42.654383,1325.396833
-113.004895,42.654244,1326.4432
-113.005045,42.654135,1326.886
-113.005735,42.653833,1326.05275
-113.00611,42.653714,1325.735763
-113.006516,42.653603,1325.909924
-113.007381,42.653339,1323.580339
-113.008738,42.65295,1320.38
-113.009029,42.652872,1320.994108
-113.009533,42.652753,1321.971563
-113.010084,42.652662,1319.21884
-113.010309,42.652633,1317.242583
-113.010778,42.652628,1313.4768
-113.011376,42.652671,1313.1068
-113.012124,42.652804,1306.97004
-113.012826,42.652959,1299.616913
-113.013425,42.653088,1299.513488
-113.014167,42.653269,1295.997878
-113.014958,42.653385,1292.59003
-113.015602,42.653409,1288.938
-113.015927,42.653395,1286.622458
-113.016266,42.653346,1284.559027
-113.016647,42.653276,1285.283039
-113.016985,42.653203,1284.35991
-113.017295,42.653125,1282.738
-113.017808,42.652997,1282.952
-113.018753,42.65276,1287.223309
-113.019128,42.652687,1288.261709
-113.019556,42.652589,1290.4404
-113.020138,42.652434,1291.62124
-113.02071,42.652309,1291.757506
-113.02111,42.652221,1294.009218
-113.0219,42.651971,1295.144704
-113.022273,42.651771,1294.32746
-113.022393,42.651658,1293.813618
-113.022649,42.65147,1292.791829
-113.022935,42.651119,1293.9432
-113.023069,42.650921,1294.669125
-113.023185,42.650629,1296.07839
-113.023354,42.649848,1300.506488
-113.023444,42.649274,1301
-113.023513,42.649059,1301
-113.0236,42.648792,1301.683648
-113.023748,42.648536,1303.137147
-113.024104,42.648161,1301.6052
-113.024363,42.647968,1301.3152
-113.024735,42.647753,1302.8648
-113.026032,42.647125,1298.88512
-113.026738,42.646808,1301.2168
-113.026869,42.64676,1301.2636
-113.027244,42.646621,1301.111778
-113.028489,42.646255,1298.175887
-113.029182,42.646116,1297.910572
-113.031219,42.645755,1295.1756
-113.031699,42.645625,1294.6627
-113.032183,42.645417,1296.357261
-113.032467,42.645221,1296.615483
-113.032573,42.645148,1296.0656
-113.032904,42.644817,1292.414159
-113.032931,42.64478,1291.957667
-113.033104,42.644548,1291.4528
-113.033353,42.644103,1294.829773
-113.033475,42.643714,1295.412296
-113.033592,42.643335,1291.0868
-113.033861,42.642889,1293.7586
-113.034194,42.642608,1297.910116
-113.034625,42.64229,1300.8974
-113.034677,42.642264,1301.398085
-113.034954,42.642122,1302.301052
-113.035368,42.641974,1301.709759
-113.03569,42.641908,1300.8688
-113.036774,42.641732,1302.2272
-113.037191,42.641646,1300.1868
-113.037365,42.641596,1300.2544
-113.037889,42.641444,1300.881039
-113.039776,42.640823,1301.850802
-113.040065,42.640731,1301.7368
-113.041865,42.640159,1301.5688
-113.043241,42.63971,1299.088
-113.044995,42.639138,1300.998142
-113.045686,42.638923,1300.2848
-113.046097,42.638781,1299.4392
-113.046805,42.638556,1296.706003
-113.047509,42.638332,1294.9952
-113.048559,42.637984,1294.536874
-113.050655,42.637324,1295.9176
-113.051451,42.637055,1295.069393
-113.053266,42.636476,1294.9288
-113.055283,42.635819,1289.12297
-113.05839,42.634829,1297.309618
-113.059769,42.634369,1293.942537
-113.059943,42.634315,1294.699177
-113.060465,42.634154,1296.0456
-113.061116,42.633928,1293.8416
-113.064089,42.632958,1300.235004
-113.064867,42.63273,1302.733154
-113.065641,42.632546,1300.412139
-113.066382,42.632382,1300.4248
-113.067898,42.632024,1300.460092
-113.069564,42.631585,1300.619062
-113.072796,42.630677,1298.3112
-113.07617,42.629698,1300.149427
-113.078266,42.629047,1297.739226
-113.079423,42.628679,1300.7876
-113.080811,42.628221,1296.3436
-113.082668,42.62758,1294.26153
-113.08496,42.626729,1285.735773
-113.085418,42.626559,1282.4952
-113.085798,42.626418,1282.781331
-113.085998,42.626342,1283.5928
-113.086482,42.626166,1285.004493
-113.086813,42.626022,1289.4516
-113.087006,42.625938,1291.462998
-113.087402,42.6257,1290.707744
-113.087537,42.625611,1289.453973
-113.087668,42.625497,1288.479708
-113.08927,42.623838,1297.041299
-113.09011,42.622969,1297.519213
-113.090503,42.622556,1297.466515
-113.091758,42.621241,1301.909094
-113.092057,42.620976,1304.451711
-113.092524,42.620675,1302.352304
-113.092769,42.620541,1299.42
-113.093021,42.620431,1299.581162
-113.093661,42.620188,1299.4972
-113.094532,42.61987,1299.852486
-113.094909,42.619737,1298.345028
-113.096774,42.619076,1294.332521
-113.097862,42.618722,1295.912237
-113.098315,42.618619,1293.9524
-113.099119,42.618498,1295.4152
-113.099458,42.61848,1297.322566
-113.100102,42.618496,1298.210232
-113.100379,42.618522,1295.5901
-113.100982,42.618597,1293.492824
-113.101597,42.6187,1299.488112
-113.103413,42.619029,1294.756
-113.10467,42.61928,1295.992
-113.106296,42.619576,1297.841628
-113.107092,42.619707,1300.7504
-113.107348,42.619733,1300.8836
-113.112525,42.62005,1292.2224
-113.116244,42.620267,1293.195676
-113.117245,42.620339,1294.2204
-113.117708,42.620354,1295.361059
-113.117947,42.620346,1296.833902
-113.118227,42.620309,1295.926173
-113.118386,42.620279,1294.030834
-113.118596,42.620212,1292.1664
-113.11889,42.620101,1290.532509
-113.119015,42.620043,1289.705358
-113.119192,42.619934,1288.0552
-113.119961,42.619422,1287.0808
-113.120383,42.619175,1286.97
-113.120737,42.618996,1286.559874
-113.120955,42.618988,1286.438
-113.121055,42.618993,1286.798
-113.121183,42.618999,1287.7764
-113.121309,42.619014,1289.1372
-113.12145,42.61903,1290.65648
-113.121579,42.619078,1291.805721
-113.121671,42.619128,1292.311772
-113.121781,42.619231,1292.264673
-113.121886,42.619359,1291.647681
-113.12204,42.619513,1291.615402
-113.122171,42.619597,1292.001745
-113.122338,42.619676,1292.818956
-113.122365,42.619686,1293.000226
-113.1225,42.619736,1293.8512
-113.122709,42.619791,1294.948294
-113.123152,42.619849,1291.717386
-113.12393,42.619933,1288.923395
-113.1245,42.619981,1288.32312
-113.125078,42.619993,1288.032276
-113.126033,42.619943,1288.6156
-113.126262,42.619918,1289.268447
-113.127332,42.619747,1288.5156
-113.12918,42.619513,1285.282954
-113.129965,42.619446,1287
-113.130454,42.619416,1288.866725
-113.131186,42.619338,1292.983311
-113.131709,42.619255,1293.41
-113.132263,42.619151,1296.81532
-113.133103,42.618972,1298.384303
-113.133633,42.618848,1299.963199
-113.134771,42.618543,1299.185629
-113.135307,42.618354,1298.007827
-113.135598,42.618234,1297.849841
-113.135658,42.618209,1298.086275
-113.137117,42.617502,1305.128218
-113.137365,42.617349,1303.26579
-113.137553,42.617193,1301.742728
-113.13771,42.617021,1302.050354
-113.13786,42.616802,1303.8928
-113.138016,42.616487,1305.955304
-113.138124,42.616181,1306.5112
-113.138202,42.615816,1307.011395
-113.138313,42.615108,1303.87926
-113.138363,42.614859,1302.439812
-113.13839,42.614727,1302.013691
-113.138488,42.614519,1302.7316
-113.138605,42.614344,1303.731155
-113.138807,42.61413,1306.062286
-113.13905,42.613948,1309.188448
-113.139267,42.613812,1311.17602
-113.139489,42.613706,1312.822778
-113.139746,42.613614,1313.19289
-113.139986,42.61356,1315.276474
-113.140163,42.613533,1316.992784
-113.14117,42.613447,1326.794701
-113.141326,42.613435,1327.705875
-113.142771,42.613324,1333.9756
-113.142804,42.613321,1334.184609
-113.144171,42.613207,1342.493095
-113.145491,42.613021,1349.095489
-113.1462,42.612836,1349.7904
-113.146815,42.612705,1352.190092
-113.147301,42.612648,1352.7164
-113.148561,42.612583,1349.8816
-113.149582,42.612552,1349.336099
-113.150248,42.612504,1349.064
-113.150633,42.612461,1347.1404
-113.150855,42.61238,1347.398304
-113.151618,42.61211,1345.404
-113.152467,42.611863,1345.328032
-113.15299,42.611702,1343.890742
-113.154504,42.611236,1349.982794
-113.161088,42.608864,1352.434145
-113.162551,42.60835,1356.1236
-113.16502,42.607455,1348.09
-113.166652,42.60673,1345.0528
-113.167441,42.606467,1341.996273
-113.167654,42.606396,1341.602815
-113.168244,42.606163,1347.788325
-113.169945,42.605561,1351.3372
-113.171244,42.605113,1352.203813
-113.17261,42.604606,1348.396086
-113.173823,42.604278,1342.25867
-113.174969,42.603967,1345.638582
-113.175426,42.603863,1346.142932
-113.175523,42.603843,1346.311039
-113.175543,42.603837,1346.365157
-113.175932,42.603759,1347.101292
-113.176297,42.603686,1348.010784
-113.177288,42.603524,1345.76574
-113.178073,42.603426,1343.7292
-113.179156,42.603323,1344.038628
-113.179973,42.603216,1344.226143
-113.18108,42.603146,1342.273267
-113.185509,42.602901,1336.812853
-113.186073,42.60287,1338.1948
-113.189765,42.60269,1345.991992
-113.197359,42.602279,1338.884153
-113.202262,42.602009,1340.5352
-113.203752,42.601866,1338.856767
-113.20577,42.601601,1339.228
-113.20701,42.601427,1341.0988
-113.207888,42.601304,1338.992
-113.216289,42.600196,1326.853468
-113.217667,42.600005,1326.2024
-113.220839,42.599567,1321.423199
-113.221753,42.599449,1318.682994
-113.222647,42.599343,1313.836
-113.223306,42.599234,1310.856
-113.22465,42.598937,1307.1732
-113.22874,42.597945,1290
-113.228873,42.597918,1290
-113.228961,42.5979,1290
-113.228905,42.597703,1289.984386
-113.228787,42.597504,1290
-113.228672,42.597309,1290
-113.227992,42.596403,1291.2796
-113.226804,42.59488,1294.0736
-113.226262,42.594213,1293.380606
-113.226164,42.594092,1294.244841
-113.225622,42.59339,1296.796
-113.224838,42.592358,1295.701868
-113.222819,42.589702,1298.716804
-113.222737,42.589598,1298.171249
-113.2227,42.589524,1297.772608
-113.222624,42.589374,1297.0464
-113.222472,42.588906,1296.107009
-113.222077,42.58799,1297.348619
-113.221985,42.587778,1298.145083
-113.221848,42.587317,1298.569935
-113.221594,42.586662,1298.2448
-113.221562,42.586494,1297.7552
-113.221533,42.586344,1297.4812
-113.221469,42.58583,1298.703061
-113.221136,42.583736,1296.760284
-113.221073,42.583286,1293.388221
-113.22092,42.582078,1296.00681
-113.220807,42.581272,1298.174584
-113.220778,42.581061,1298.561664
-113.220676,42.58044,1298.9824
-113.220535,42.579442,1302.164949
-113.220502,42.579209,1303.917383
-113.220426,42.578914,1304.951763
-113.219825,42.577704,1299.7344
-113.21932,42.576717,1301.8188
-113.219309,42.576696,1301.8944
-113.21915,42.576455,1300.44744
-113.218948,42.576277,1299.280116
-113.218681,42.576111,1298.7484
-113.217433,42.575413,1298.748032
-113.21657,42.574992,1301.599578
-113.215558,42.574474,1301.984273
-113.21517,42.57422,1301.505504
-113.21506,42.574142,1301.6064
-113.214966,42.574037,1301.180673
-113.214921,42.573961,1300.94034
-113.214907,42.573938,1300.904815
-113.214829,42.573565,1300.29501
-113.214837,42.573138,1300.5868
-113.21484,42.572951,1300.142387
-113.214856,42.572048,1301.8816
-113.214941,42.571349,1307.9312
-113.214985,42.569461,1316
-113.215012,42.568734,1314.980888
-113.215035,42.567991,1317.4092
-113.21505,42.567351,1313.9272
-113.215049,42.566168,1305.570547
-113.21503,42.565642,1303.07439
-113.215036,42.565177,1302.321419
-113.215058,42.563621,1305.130167
-113.216192,42.563614,1310.2392
-113.216858,42.563614,1313.3464
-113.2168577,42.56360934,1313.383865
-113.217224,42.56360435,1315.03058
-113.2175902,42.56359936,1315.717587
-113.2179564,42.56359436,1314.417085
-113.2183227,42.56358937,1314.964696
-113.2186889,42.56358437,1314.973025
-113.2190552,42.56357937,1313.688396
-113.2194214,42.56357437,1310.237593
-113.2197877,42.56356937,1307.679012
-113.2201539,42.56356437,1305.614169
-113.2205202,42.56355936,1304.476262
-113.2208116,42.56355538,1304.216332
-113.2208351,42.56328614,1305.157069
-113.2208586,42.5630169,1305.552216
-113.2208821,42.56274766,1303.58838
-113.2209057,42.56247842,1301.499472
-113.2209292,42.56220918,1301.842758
-113.2209527,42.56193994,1305.595771
-113.2209762,42.5616707,1306.949748
-113.2209997,42.56140146,1305.847294
-113.2210232,42.56113222,1303.784733
-113.2210467,42.56086298,1303.463429
-113.2210703,42.56059374,1303.294132
-113.2210817,42.56046228,1303.511766
-113.221059,42.560459,1303.65759
-113.221536,42.558616,1302.461079
-113.221628,42.558287,1302.162419
-113.221773,42.557769,1302.195393
-113.221845,42.557413,1300.798926
-113.22194,42.557055,1300.618
-113.222204,42.556558,1301.634463
-113.224161,42.553563,1302.190067
-113.224477,42.553056,1302
-113.224527,42.552969,1302.218992
-113.224601,42.55284,1302.338646
-113.225235,42.551739,1303.959898
-113.22563,42.551152,1303.4376
-113.225786,42.551008,1303.849548
-113.226047,42.550849,1305.613017
-113.22683,42.55047,1305.545104
-113.227084,42.550365,1306.268954
-113.227611,42.550045,1302.6004
-113.227809,42.549913,1302.2008
-113.228007,42.549762,1302.0316
-113.228201,42.549598,1302.528554
-113.228728,42.549056,1303.724447
-113.22896,42.548801,1304.9492
-113.229214,42.548548,1306.8296
-113.229464,42.548333,1305.8592
-113.229617,42.548242,1304.7576
-113.230207,42.547893,1301.530891
-113.230697,42.547617,1303.79535
-113.231144,42.547324,1303.750764
-113.231259,42.547231,1303.874048
-113.231589,42.546855,1304.833569
-113.231657,42.54678,1305.198198
-113.232103,42.546293,1306.00656
-113.232464,42.545848,1305.0768
-113.232659,42.545631,1305.311464
-113.232843,42.545443,1304.904859
-113.233051,42.545097,1305.328673
-113.233156,42.544845,1306.3928
-113.233317,42.543645,1306.0588
-113.233429,42.542644,1307.8296
-113.233462,42.542419,1306.625469
-113.233535,42.541925,1303.59882
-113.233634,42.541359,1305.9176
-113.233732,42.541157,1305.5648
-113.235235,42.538876,1308.1076
-113.236079,42.537625,1308.17918
-113.23632,42.537237,1309.181606
-113.236645,42.536715,1309.954856
-113.237091,42.536055,1309.6192
-113.237295,42.535869,1308.414882
-113.237652,42.535531,1308.6296
-113.23855,42.534833,1308.22
-113.23879,42.534669,1308
-113.239417,42.534242,1308.7288
-113.240322,42.53358,1308.69943
-113.240845,42.533176,1308.6572
-113.242009,42.53231,1310.4516
-113.243307,42.531311,1309.443418
-113.246163,42.529235,1309.708047
-113.247811,42.528015,1309.154938
-113.24819,42.527735,1309.079464
-113.248666,42.527379,1310.324075
-113.25022,42.526284,1312.470259
-113.25056,42.526079,1311.30065
-113.251053,42.525758,1310.904065
-113.25172,42.525274,1309.6704
-113.252973,42.524244,1312.646281
-113.254191,42.52327,1312.892427
-113.256957,42.521012,1312.9548
-113.25777,42.520416,1311.5304
-113.257972,42.520244,1311.385823
-113.258075,42.520159,1311.397668
-113.259367,42.519076,1310.5142
-113.260038,42.51856,1310.184
-113.26281,42.51632,1311.467232
-113.263489,42.515773,1311.344119
-113.263577,42.515702,1311.06474
-113.263831,42.515499,1311.7916
-113.264085,42.515312,1312.086979
-113.264175,42.515235,1311.846
-113.264833,42.5148,1310.034064
-113.265323,42.514505,1308.03549
-113.266077,42.514187,1309.941411
-113.266295,42.514095,1308.909204
-113.267034,42.51381,1306.3224
-113.267124,42.513778,1306.6464
-113.267985,42.513469,1307.728693
-113.268764,42.513243,1309.9
-113.269313,42.51311,1310.403547
-113.269909,42.513014,1310.6724
-113.270242,42.512974,1312.486616
-113.270661,42.512929,1317.978654
-113.27122,42.512917,1321.8956
-113.271536,42.51293,1322.883379
-113.271729,42.512938,1323.119132
-113.272141,42.512967,1323
-113.272878,42.513061,1324.3412
-113.273876,42.513206,1324.56287
-113.27459,42.513323,1325
-113.275003,42.513384,1324.18043
-113.275978,42.513551,1323.854701
-113.276855,42.513682,1322.917826
-113.277956,42.513859,1325.1076
-113.2787,42.513988,1322.437376
-113.286698,42.515193,1321.034427
-113.290377,42.515777,1322
-113.293737,42.51631,1324.587291
-113.294389,42.516403,1323.95934
-113.295272,42.516559,1323.599662
-113.295936,42.51667,1326.37273
-113.29676,42.516809,1324.495933
-113.296929,42.516837,1324.600612
-113.297196,42.516857,1324.064683
-113.297495,42.51688,1324
-113.298305,42.516918,1325.00291
-113.304316,42.516942,1328.074538
-113.31718,42.516993,1329.1748
-113.325228,42.517,1330.76416
-113.328906,42.517011,1333.046841
-113.332992,42.517006,1334.949298
-113.333805,42.517012,1335.4548
-113.333927,42.517013,1335.8904
-113.337708,42.517041,1339.087317
-113.344148,42.517046,1338.3656
-113.344706,42.517046,1337.0584
-113.35121,42.517052,1344.5816
-113.354828,42.517055,1343
-113.35711,42.517057,1341.0012
-113.362224,42.517043,1343.711871
-113.367196,42.517039,1343.9056
-113.370291,42.517013,1345.9524
-113.370952,42.517007,1344.2252
-113.37449,42.517032,1347.633107
-113.375001,42.517021,1347.728
-113.375711,42.517039,1348.6596
-113.377992,42.51706,1346.095181
-113.386123,42.51711,1349.6388
-113.391096,42.517125,1354.01904
-113.393968,42.517152,1355.675203
-113.398343,42.517202,1353
-113.400692,42.517208,1355.517251
-113.403116,42.517235,1358.7364
-113.408851,42.517248,1362.0928
-113.409028,42.517248,1362.046326
-113.411059,42.517252,1362.0804
-113.413827,42.517287,1365.937643
-113.416699,42.517297,1364.1164
-113.418318,42.517273,1366.772091
-113.418472,42.517257,1366.9373
-113.418515,42.517253,1366.961663
-113.418972,42.517206,1367.9416
-113.41936,42.517128,1367.6608
-113.419923,42.516975,1365.950984
-113.420496,42.516761,1366.92719
-113.420907,42.516561,1368.746482
-113.421324,42.516331,1371.368118
-113.42159,42.51613,1372.913232
-113.422005,42.515849,1372.7256
-113.422593,42.515396,1372.192309
-113.422988,42.515065,1373
-113.425753,42.512854,1375.952156
-113.426131,42.512552,1374.606393
-113.427192,42.513049,1374.129832
-113.429171,42.513916,1382.192155
-113.431195,42.514824,1386.0644
-113.435513,42.516737,1378.4064
-113.436862,42.517347,1375.4492
-113.4375,42.517635,1376
-113.439217,42.518369,1372
-113.446964,42.521826,1372.9296
-113.449321,42.522854,1375.2744
-113.451608,42.523886,1378.790996
-113.469552,42.531843,1359
-113.471391,42.532658,1357.564477
-113.472879,42.533318,1358
-113.475443,42.534467,1363.546502
-113.476693,42.535024,1365.0864
-113.47922,42.536128,1365.857126
-113.480168,42.536558,1365.6088
-113.481194,42.537022,1365.637487
-113.482236,42.537476,1364.004285
-113.483493,42.538023,1365.7656
-113.485698,42.538999,1364.5128
-113.487122,42.539576,1362.6392
-113.488414,42.539922,1363.127311
-113.48917,42.540058,1364.206294
-113.489312,42.540083,1364.142468
-113.49029,42.540197,1364.7092
-113.491066,42.540252,1364.0696
-113.492189,42.540228,1358.961832
-113.496976,42.540018,1344.8864
-113.50001,42.53988,1340.979552
-113.504611,42.539693,1336
-113.5075,42.539529,1336
-113.513934,42.539249,1323.951865
-113.520119,42.538979,1319.6756
-113.524495,42.538778,1316.4188
-113.526876,42.53868,1315.248
-113.528398,42.538574,1317.0992
-113.529938,42.538428,1314.2456
-113.530166,42.538406,1314.226068
-113.532179,42.53811,1315.196
-113.532375,42.538081,1315.0916
-113.532585,42.538042,1315
-113.534567,42.537681,1315.287486
-113.537609,42.537093,1319.4652
-113.540566,42.536495,1321.603637
-113.54321,42.535941,1314.884306
-113.546791,42.535236,1314.530681
-113.5486,42.53488,1316.54528
-113.550662,42.534461,1313.539161
-113.554629,42.533652,1315.861
-113.557343,42.533116,1313.5648
-113.559898,42.532593,1311
-113.562902,42.531993,1314
-113.56406,42.531762,1314.718189
-113.565077,42.531507,1314.861065
-113.565611,42.531341,1310.275978
-113.565981,42.531207,1310.164583
-113.566533,42.530974,1309.9748
-113.567585,42.530508,1306
-113.56863,42.530076,1301
-113.569157,42.52985,1302.5052
-113.571816,42.528707,1303.18558
-113.572561,42.528379,1302
-113.572918,42.528241,1301.662996
-113.573463,42.527976,1301.2864
-113.574879,42.527374,1300.854788
-113.576923,42.526539,1298.4596
-113.577784,42.526172,1299.2192
-113.577905,42.526111,1299.000183
-113.578003,42.526067,1299.128755
-113.57808,42.526034,1299.3656
-113.578248,42.525965,1300.2188
-113.579161,42.525577,1299.0204
-113.57966,42.525386,1299
-113.580351,42.525141,1299.2636
-113.581224,42.524881,1298.767702
-113.582057,42.524636,1300.184626
-113.582623,42.524507,1299.431719
-113.583189,42.524396,1299.1744
-113.584255,42.524238,1299
-113.586662,42.524016,1293.568312
-113.587472,42.523951,1292.753861
-113.589371,42.523772,1294.57394
-113.590283,42.523675,1293.755524
-113.591407,42.523565,1292.2964
-113.591466,42.523559,1292.7428
-113.593745,42.523358,1295.996803
-113.59484,42.523265,1294.576
-113.59608,42.523198,1294.541766
-113.597299,42.523116,1287.279089
-113.597982,42.523056,1287.0032
-113.598711,42.522981,1289.828117
-113.598847,42.522967,1289.951925
-113.601231,42.522734,1291
-113.602242,42.522648,1290.5328
-113.602941,42.522588,1290.3168
-113.606172,42.522248,1285.893942
-113.606256,42.522238,1285.564827
-113.606442,42.522219,1285.1796
-113.60759,42.522092,1288.316909
-113.608494,42.521999,1288.6072
-113.608792,42.521973,1288.210143
-113.615931,42.521227,1284.146688
-113.621871,42.520682,1282.4552
-113.623076,42.52056,1282
-113.623187,42.520549,1281.988832
-113.624257,42.52044,1280.810083
-113.624808,42.520397,1280.262
-113.625113,42.520374,1279.2468
-113.625674,42.520332,1279.888033
-113.626498,42.520279,1280.608928
-113.628104,42.5202,1280.3856
-113.629598,42.520141,1281.272199
-113.629735,42.520139,1281.430618
-113.632996,42.52002,1278.928
-113.634272,42.519925,1279.372384
-113.635598,42.519803,1277.246366
-113.637989,42.519478,1280.2396
-113.638312,42.51942,1279.158042
-113.638598,42.519369,1279.2716
-113.639466,42.51923,1279.8496
-113.6409,42.519028,1281.879808
-113.642784,42.518742,1280.4488
-113.644283,42.518544,1278.076018
-113.646007,42.518359,1278.6252
-113.646653,42.518305,1280.751818
-113.647726,42.518212,1276.646761
-113.648755,42.518111,1276.385793
-113.649471,42.518083,1276.009445
-113.652683,42.518061,1278
-113.653658,42.518054,1278.173455
-113.654859,42.518059,1275.488906
-113.656573,42.518062,1275.601023
-113.657156,42.518063,1276.913211
-113.658898,42.518066,1278.998767
-113.661322,42.518051,1277.7756
-113.665087,42.518071,1278.038186
-113.667335,42.518059,1276.601366
-113.667607,42.518058,1276
-113.668702,42.518052,1277.004188
-113.670683,42.518062,1276.012556
-113.672696,42.518046,1277.284273
-113.672873,42.518046,1277.3428
-113.67384,42.518033,1277.190291
-113.673945,42.518025,1276.61822
-113.674399,42.517993,1275.2252
-113.675197,42.5179,1277.872048
-113.675575,42.517835,1277.93
-113.675995,42.517721,1276.536961
-113.677065,42.517371,1277.9696
-113.677778,42.517137,1277.3864
-113.679439,42.516571,1278
-113.680348,42.51626,1273.629901
-113.680508,42.516207,1272.628502
-113.681177,42.516038,1269.150862
-113.681678,42.515934,1270.9536
-113.682089,42.51586,1273.282358
-113.68249,42.515799,1274.2472
-113.68295,42.515761,1275.359352
-113.683534,42.515741,1274.6676
-113.684013,42.51575,1276.28084
-113.684402,42.51576,1277.623539
-113.684448,42.515761,1277.730133
-113.685992,42.515823,1275.0744
-113.686964,42.515857,1274.390402
-113.69063,42.516005,1276.566376
-113.691903,42.51606,1276.184
-113.692325,42.516077,1276.1228
-113.69423,42.516153,1273.796818
-113.695626,42.516196,1275.1761
-113.695787,42.516201,1275.563576
-113.699495,42.516354,1273.6924
-113.70149,42.516424,1274.44439
-113.701567,42.516427,1274.690427
-113.704533,42.516547,1275.8196
-113.705259,42.51658,1273.688
-113.705381,42.516583,1274.330074
-113.706014,42.51661,1275.796
-113.706433,42.516623,1274.132237
-113.707334,42.516658,1275.4024
-113.709092,42.516729,1276.073919
-113.709392,42.516745,1277.018442
-113.711276,42.516817,1274.914113
-113.712989,42.51688,1274.768
-113.713141,42.516886,1275.0972
-113.714571,42.516939,1274.98933
-113.714995,42.516957,1273.9276
-113.717979,42.517072,1268.4388
-113.718364,42.51708,1267.613875
-113.723431,42.517262,1272.681498
-113.724813,42.517332,1268.746
-113.724976,42.517341,1269.2032
-113.725173,42.517351,1271.014
-113.726545,42.517384,1272.744909
-113.728275,42.517461,1274.180516
-113.728971,42.517484,1273.959427
-113.729113,42.517489,1273.992349
-113.729598,42.517509,1276.017911
-113.730374,42.517548,1275.3456
-113.730665,42.517563,1274.970241
-113.731116,42.517585,1273
-113.733026,42.517723,1275.4992
-113.733108,42.517725,1275.655872
-113.733658,42.517762,1275.727188
-113.734548,42.517812,1271.8768
-113.736445,42.517932,1271.7384
-113.73726,42.517983,1272.612077
-113.738207,42.518044,1271.0832
-113.738982,42.51808,1271
-113.739595,42.518132,1272.842442
-113.739986,42.518181,1272.6452
-113.740506,42.518285,1270.553042
-113.741026,42.518432,1270.9832
-113.74185,42.518705,1273.306
-113.744352,42.5197,1274.414272
-113.745639,42.520246,1279.6996
-113.747021,42.520912,1278
-113.74742,42.521146,1278.4608
-113.748282,42.521648,1276.9328
-113.748966,42.522073,1277.313673
-113.75102,42.523349,1276.7688
-113.751613,42.523718,1277.3848
-113.754325,42.525415,1277.21242
-113.755331,42.52603,1275.955547
-113.756572,42.526851,1276.885355
-113.759336,42.52854,1273.6464
-113.760696,42.529408,1277.571935
-113.761545,42.529934,1277.9628
-113.762406,42.530468,1274.570136
-113.763794,42.531432,1266.822984
-113.764225,42.531783,1264.784956
-113.764633,42.532133,1264.296492
-113.765269,42.532733,1262.8388
-113.765956,42.533416,1267.72458
-113.766522,42.534001,1268.042205
-113.767321,42.534802,1267.965328
-113.76829,42.535758,1266.428522
-113.768592,42.536058,1267.753155
-113.768807,42.53634,1266.4708
-113.768926,42.536587,1265.248484
-113.769018,42.536878,1265
-113.769033,42.537038,1264.825268
-113.7695,42.536979,1265.22584
-113.769991,42.536946,1267.956219
-113.770748,42.536943,1268.985997
-113.771464,42.537006,1266.7296
-113.772965,42.537153,1264.326
-113.773803,42.537235,1265
-113.775896,42.537451,1266
-113.776787,42.537539,1269.2928
-113.776953,42.537556,1269.780019
-113.778424,42.537707,1266.9284
-113.778721,42.537738,1266.48215
-113.779528,42.537818,1266.8552
-113.780503,42.537902,1267.89541
-113.780891,42.537945,1267.709775
-113.781086,42.537965,1266.79387
-113.781621,42.538019,1266.978365
-113.782345,42.538079,1265.510905
-113.782901,42.538102,1265.07417
-113.783434,42.538101,1267.1988
-113.784174,42.538101,1267.022081
-113.784819,42.5381,1268.895744
-113.785477,42.5381,1267.397552
-113.786127,42.5381,1265.048048
-113.78677,42.538099,1266.587962
-113.78742,42.538099,1265.510714
-113.788045,42.538099,1266.306857
-113.788713,42.538098,1265.769153
-113.789306,42.538098,1269.079356
-113.790012,42.538098,1271.9136
-113.79067,42.538098,1268.176
-113.791314,42.538098,1267
-113.79197,42.538098,1269.2448
-113.792609,42.5381,1270.097216
-113.793277,42.538101,1269
-113.793988,42.538102,1271
-113.794601,42.538103,1270.361863
-113.795271,42.538102,1268.83688
-113.795945,42.538094,1267.4596
-113.796537,42.538096,1267.786434
-113.797193,42.5381,1268.983168
-113.797838,42.538102,1267.9504
-113.798483,42.5381,1266.6212
-113.79914,42.5381,1267.30464
-113.799796,42.538099,1267.49532
-113.800439,42.5381,1268.16
-113.801074,42.538098,1269
-113.801731,42.538097,1268.8508
-113.802396,42.53809,1268.327974
-113.802721,42.538071,1268
-113.803084,42.538038,1268
-113.803554,42.537959,1268.518267
-113.80395,42.537878,1268
-113.806522,42.537324,1269.190821
-113.807631,42.537083,1268.235234
-113.807986,42.537005,1268.804187
-113.809842,42.536601,1268.2364
-113.810817,42.536397,1267.998283
-113.810939,42.536372,1268
-113.812161,42.536116,1268.783479
-113.812504,42.536062,1268.835054
-113.813621,42.5358,1267.826928
-113.814382,42.535641,1268.221097
-113.815321,42.535445,1268.1556
-113.816524,42.53518,1268.648
-113.817528,42.534971,1270.1044
-113.819005,42.534646,1271.8564
-113.823008,42.533765,1271.01849
-113.824016,42.533552,1270
-113.82458,42.533432,1269.685338
-113.826743,42.532972,1267
-113.827217,42.532901,1267.54594
-113.828167,42.532729,1267.5988
-113.829394,42.532564,1267.546159
-113.829762,42.532522,1268.932141
-113.830699,42.532436,1266.650621
-113.831512,42.53239,1266.497107
-113.832372,42.532364,1267.304008
-113.833175,42.532366,1269.1228
-113.834818,42.532418,1268.292615
-113.836472,42.532492,1268.2992
-113.836926,42.532507,1270.007527
-113.837433,42.532528,1269.390626
-113.838352,42.532564,1266.4608
-113.840718,42.53265,1268.730992
-113.842044,42.532704,1267.997609
-113.843899,42.532774,1270.950495
-113.846523,42.532875,1268.18102
-113.849603,42.532967,1269.070029
-113.852532,42.533096,1267.2912
-113.853089,42.53312,1266.972067
-113.854578,42.533176,1269.9528
-113.860419,42.533396,1267.676505
-113.861065,42.53342,1268.948208
-113.863054,42.533489,1268.997538
-113.864682,42.53355,1266.22
-113.865543,42.533545,1266.965558
-113.868852,42.533526,1264.94858
-113.872743,42.533518,1264.958033
-113.877671,42.533483,1268
-113.8788,42.533454,1265.32
-113.882332,42.533415,1263
-113.882683,42.533412,1263.845372
-113.882942,42.53341,1264.439171
-113.883358,42.533408,1265.422531
-113.885369,42.533397,1262.746869
-113.886702,42.533389,1263.122182
-113.888828,42.533376,1264.966331
-113.889074,42.533374,1265
-113.889822,42.533359,1263.6408
-113.890145,42.533352,1262.478
-113.890267,42.533349,1262.0388
-113.891372,42.533292,1263.799447
-113.891978,42.533214,1264.5704
-113.892146,42.533179,1264.4444
-113.892608,42.533083,1264.649613
-113.89275,42.533054,1264.09944
-113.893654,42.532759,1268.010437
-113.893891,42.532663,1268.4284
-113.894201,42.532537,1270.973936
-113.894771,42.532246,1271.6488
-113.895368,42.531844,1268
-113.896357,42.531116,1272.9824
-113.898464,42.529502,1279.636133
-113.899693,42.528589,1280.797974
-113.902194,42.526673,1282.025116
-113.902341,42.52656,1282
-113.902575,42.526384,1282.282848
-113.903738,42.525509,1283.471281
-113.904827,42.524685,1287.594655
-113.905159,42.524434,1288.4276
-113.906379,42.523511,1283.09397
-113.906627,42.523322,1281.279774
-113.907712,42.522491,1285.007672
-113.909914,42.520798,1290.674581
-113.911853,42.519327,1294.706414
-113.912361,42.518879,1298.0348
-113.912554,42.518765,1299.6404
-113.912804,42.518588,1301.0832
-113.916021,42.516164,1314.495668
-113.918491,42.514278,1320.6308
-113.920424,42.512802,1319.045902
-113.923224,42.510679,1316.841716
-113.926103,42.508496,1327.9537
-113.929401,42.505989,1333
-113.931111,42.504719,1333.023205
-113.931793,42.504169,1336
-113.932197,42.503852,1336.2236
-113.934287,42.502274,1339
-113.93648,42.500631,1333.854515
-113.93652,42.5006,1333.61248
-113.937503,42.499822,1333.006921
-113.937752,42.499662,1334.144119
-113.938471,42.499118,1334.5044
-113.939152,42.49859,1334.124787
-113.94033,42.49771,1332.244
-113.940526,42.497555,1332.802
-113.941131,42.497077,1333.4772
-113.941754,42.496608,1331.933599
-113.942027,42.496403,1330.7536
-113.94576,42.493553,1330.791229
-113.946213,42.493217,1330.2144
-113.946542,42.492973,1329.2972
-113.94664,42.492901,1329.5564
-113.948415,42.49153,1329.363352
-113.948812,42.491234,1327.8344
-113.949698,42.490574,1330.9336
-113.950176,42.490283,1330.988088
-113.950662,42.490034,1330.8776
-113.951388,42.489743,1329.9284
-113.951518,42.489702,1329.641837
-113.95224,42.489473,1330.839779
-113.952689,42.48936,1330.097158
-113.953326,42.489267,1328.0528
-113.954179,42.489248,1326.5856
-113.955052,42.489228,1325.074934
-113.955091,42.489227,1324.960755
-113.961104,42.489246,1324.018289
-113.962558,42.489271,1324.7912
-113.964216,42.48926,1322.664
-113.965887,42.489272,1324.4276
-113.967507,42.489269,1324.615684
-113.970953,42.489289,1316.5692
-113.975185,42.489302,1308
-113.976534,42.489306,1309.282836
-113.978816,42.489314,1309
-113.980601,42.489309,1310.059029
-113.982096,42.48933,1310.412
-113.984279,42.489335,1311.628666
-113.988119,42.489357,1312.3867
-113.990461,42.489345,1311.423463
-113.99071,42.489342,1311.836253
-113.991306,42.489336,1312.3904
-113.994494,42.489389,1313.363591
-113.99539,42.489388,1312.118707
-113.996217,42.489387,1314.284032
-113.997833,42.489405,1310.858
-114.000027,42.489402,1305.8472
-114.000291,42.489402,1305.8948
-114.003541,42.489414,1298.724
-114.00713,42.489428,1303.019654
-114.008308,42.489409,1301.243563
-114.009071,42.48936,1302
-114.009576,42.489294,1301.5416
-114.010012,42.489218,1302.1848
-114.010194,42.489186,1302.0696
-114.011038,42.488929,1300.630406
-114.011577,42.488733,1303.380045
-114.012217,42.488434,1304.993187
-114.013041,42.487998,1305.2072
-114.015876,42.486534,1307
-114.016259,42.486336,1307.1904
-114.017706,42.485564,1311.0304
-114.020365,42.484175,1308.96058
-114.023045,42.482815,1305.934184
-114.023969,42.482301,1305.9952
-114.024851,42.481831,1303.402266
-114.025575,42.481459,1301.3224
-114.027308,42.480544,1302.028754
-114.029507,42.479412,1302.692703
-114.033714,42.477217,1303.011836
-114.035566,42.476234,1299.979034
-114.036391,42.47581,1299.993038
-114.037014,42.475565,1297.758114
-114.038035,42.475259,1299.0676
-114.038202,42.475225,1299.19
-114.038915,42.475082,1298.583051
-114.03919,42.47504,1297.640096
-114.040113,42.474998,1296.3996
-114.04455,42.474998,1295.617264
-114.049849,42.474986,1290.023003
-114.050902,42.474986,1289.272682
-114.054192,42.474987,1285.862
-114.058386,42.475002,1285.0144
-114.06052,42.474995,1289.015696
-114.064575,42.475002,1285.5372
-114.064688,42.475002,1285.1304
-114.06561,42.474978,1287.180477
-114.066593,42.474985,1284.624079
-114.069033,42.475002,1283.4668
-114.069348,42.474996,1282.3278
-114.08045,42.475007,1275
-114.088078,42.475042,1275.941817
-114.088862,42.475045,1275.1936
-114.093649,42.475035,1273.754786
-114.098661,42.475041,1273.678291
-114.100518,42.475036,1269.241678
-114.101367,42.475031,1271.041594
-114.103445,42.475023,1272
-114.103734,42.475023,1272.4424
-114.107292,42.47502,1272.053914
-114.108302,42.47502,1273.928
-114.111679,42.475019,1270.030074
-114.112094,42.475034,1269.8397
-114.112753,42.475029,1269.113712
-114.11315,42.475019,1271.248344
-114.115686,42.475037,1268.1332
-114.118032,42.475031,1264.1116
-114.118916,42.475038,1262.2344
-114.119711,42.475039,1263.1404
-114.122864,42.475044,1264.580367
-114.123291,42.47504,1263.274454
-114.12428,42.475032,1265.2992
-114.12777,42.475038,1263.1088
-114.130532,42.47504,1262.204378
-114.135952,42.475074,1259.96
-114.139223,42.475103,1256.872398
-114.13975,42.475103,1255.96292
-114.140857,42.475113,1254.356259
-114.142388,42.475104,1250.626642
-114.143313,42.475113,1248.0732
-114.146542,42.475117,1244.2912
-114.147193,42.475123,1241.2104
-114.147895,42.475129,1238.5356
-114.149216,42.475139,1246.1768
-114.149956,42.475148,1246.541204
-114.150651,42.475149,1248.2708
-114.152039,42.47515,1256.563816
-114.155933,42.475173,1252.264
-114.156704,42.475172,1253.888
-114.157078,42.475181,1255.6516
-114.161526,42.475169,1255.410094
-114.161846,42.475168,1255.995259
-114.161952,42.47516,1256.163533
-114.163606,42.475147,1254.0368
-114.166521,42.475124,1255.4464
-114.170378,42.475104,1250.864916
-114.17119,42.475088,1252.9176
-114.172028,42.47508,1252.6992
-114.172806,42.475083,1251
-114.173712,42.475096,1252.3632
-114.173797,42.475097,1252.6692
-114.174322,42.475097,1254.5592
-114.175957,42.475069,1257.416988
-114.176948,42.475111,1257
-114.177328,42.475142,1257.194665
-114.177949,42.475229,1256.89176
-114.178317,42.475304,1256.142099
-114.178655,42.475399,1257.119849
-114.179088,42.475539,1258.983121
-114.179761,42.475795,1258.118735
-114.18044,42.476137,1261.113571
-114.180678,42.47628,1261.660006
-114.180943,42.47646,1261.845069
-114.181245,42.476691,1262.3944
-114.181509,42.476915,1262.492566
-114.181968,42.47736,1264.126861
-114.182507,42.478051,1264.0164
-114.182828,42.478514,1262.6992
-114.185395,42.482436,1261.1916
-114.186138,42.483584,1265.0976
-114.186497,42.484139,1262.0996
-114.187469,42.48564,1266.618326
-114.189911,42.489445,1271.999359
-114.192137,42.492803,1273.9092
-114.1933,42.494657,1271.206624
-114.193733,42.495415,1272.4268
-114.194062,42.49592,1275.6888
-114.194653,42.496827,1274.989438
-114.196671,42.499988,1282
-114.198459,42.502648,1279.4524
-114.198971,42.50339,1274.856302
-114.199169,42.503677,1274.756392
-114.200722,42.506134,1274.231426
-114.202075,42.508234,1272.698072
-114.202928,42.509582,1268.994808
-114.203674,42.510762,1271.7432
-114.205802,42.514057,1272.326533
-114.206417,42.514917,1268.5976
-114.206433,42.51494,1268.432
-114.20726,42.516219,1267.528422
-114.207549,42.516704,1266.152692
-114.208474,42.518117,1267
-114.209185,42.519205,1267.204
-114.209714,42.519988,1270.898879
-114.210015,42.52045,1271.40052
-114.210117,42.520607,1270.6296
-114.21046,42.52116,1266.824
-114.210794,42.521657,1266.8584
-114.212271,42.523962,1275.344218
-114.21261,42.524455,1272.977048
-114.212651,42.524518,1272.879145
-114.21277,42.524697,1272.974542
-114.213524,42.525886,1274.8104
-114.215383,42.528751,1272.6212
-114.215669,42.529226,1273.912766
-114.216082,42.529874,1273.5464
-114.21644,42.53037,1271.545088
-114.216702,42.530769,1270.97054
-114.216865,42.531026,1271.6936
-114.217086,42.531293,1271.824086
-114.217317,42.53154,1272
-114.217481,42.531695,1271.891023
-114.217777,42.531946,1271.986
-114.218161,42.53221,1270.983298
-114.218766,42.53253,1269
-114.219425,42.53278,1268.07
-114.22017,42.532982,1267.632458
-114.220927,42.533097,1268.09889
-114.223372,42.533113,1264
-114.225329,42.533109,1262.070957
-114.226268,42.533107,1262.4352
-114.229868,42.533126,1258.101089
-114.230166,42.533128,1257.297454
-114.231169,42.533123,1258.5144
-114.233032,42.533139,1257
-114.236785,42.533155,1260.642
-114.237135,42.53316,1259.938
-114.238747,42.533157,1259.1456
-114.243764,42.533184,1255.5504
-114.246381,42.533192,1254
-114.24781,42.533192,1255.5088
-114.249426,42.533191,1254.544777
-114.249883,42.533193,1253.12879
-114.250016,42.533193,1252.4663
-114.250146,42.533193,1252.234733
-114.251133,42.533177,1252.1256
-114.252184,42.533175,1251.019264
-114.2534,42.533183,1246.411312
-114.254678,42.533177,1246
-114.256175,42.533172,1246.8108
-114.258661,42.533177,1250.1796
-114.263938,42.533166,1248.3976
-114.265806,42.533177,1244.5356
-114.266348,42.533172,1244
-114.266932,42.53318,1245.42793
-114.269341,42.53318,1243
-114.270987,42.533178,1241
-114.272131,42.533188,1239.202981
-114.273148,42.533182,1235.938109
-114.27421,42.533197,1236.98447
-114.274474,42.533191,1237
-114.279681,42.533193,1238
-114.280184,42.533202,1239.1352
-114.283754,42.533202,1236.9584
-114.284351,42.533216,1235.616705
-114.286323,42.533206,1233.108732
-114.288201,42.533226,1235.267438
-114.289739,42.53322,1231.592
-114.290309,42.53323,1231.669813
-114.291552,42.533233,1230
-114.292414,42.53325,1228.97864
-114.296112,42.533268,1224.000753
-114.297128,42.533286,1226
-114.297374,42.533274,1226
-114.298118,42.533276,1225.596799
-114.298803,42.533292,1223.411991
-114.299098,42.533299,1223.030554
-114.300171,42.533288,1224.515134
-114.30104,42.533297,1222.353315
-114.302258,42.533301,1221.2328
-114.302804,42.533303,1222.193292
-114.304247,42.533307,1221.0948
-114.305072,42.533309,1222.977294
-114.305399,42.533317,1222.119721
-114.305923,42.533308,1219.7684
-114.306638,42.533324,1220.866668
-114.30792,42.53334,1217.988288
-114.309238,42.533337,1216
-114.309684,42.533343,1216.8624
-114.311689,42.533368,1219.114766
-114.314052,42.533367,1218.192369
-114.315688,42.533369,1214.584421
-114.317216,42.533365,1216.883446
-114.318873,42.53338,1212.38359
-114.320236,42.533369,1212
-114.320674,42.533397,1211
-114.321035,42.533403,1212.269919
-114.322189,42.5334,1209.090896
-114.323625,42.533434,1208.34428
-114.32557,42.53342,1206
-114.327358,42.533438,1205.68142
-114.330311,42.533451,1200.322275
-114.331392,42.533461,1200.5404
-114.333416,42.533479,1195.4756
-114.333533,42.533471,1195.5044
-114.33368,42.533476,1195.4864
-114.334207,42.533496,1195.5596
-114.335418,42.53349,1198.720707
-114.336769,42.533507,1201.138076
-114.33796,42.53349,1202.092
-114.33816,42.533504,1202.616614
-114.33838,42.533506,1203
-114.341773,42.53353,1200.165955
-114.342702,42.53351,1198.826499
-114.345176,42.533551,1198.6336
-114.348569,42.533555,1197.4444
-114.352584,42.533607,1196.995524
-114.352982,42.533622,1197.06802
-114.353295,42.533677,1198.3364
-114.353572,42.533751,1199.433707
-114.353727,42.533801,1199.815602
-114.356304,42.534683,1196.901951
-114.356988,42.534938,1195.034998
-114.357759,42.535256,1197.8593
-114.358149,42.535418,1196.665015
-114.359512,42.536018,1194
-114.359643,42.536073,1194
-114.361043,42.536694,1194
-114.362489,42.537301,1193.971631
-114.362826,42.537452,1192.969202
-114.363968,42.537956,1192.817272
-114.364423,42.53816,1192.604854
-114.364495,42.5382,1192.38536
-114.364581,42.538249,1191.96125
-114.364699,42.538345,1191.0836
-114.364762,42.538414,1191
-114.364814,42.538533,1191
-114.364829,42.53877,1191.572
-114.364829,42.539091,1192.7276
-114.364837,42.540066,1195.8244
-114.364835,42.540269,1196.5624
-114.364835,42.540909,1198.3216
-114.364832,42.541737,1191.846865
-114.364835,42.542202,1191.956757
-114.364836,42.542276,1192.1936
-114.364839,42.542528,1193.1008
-114.36482,42.543481,1190.7572
-114.36477,42.544488,1186.14503
-114.364759,42.545017,1185.177394
-114.364767,42.545535,1186.914071
-114.364797,42.546373,1187.772602
-114.364819,42.546979,1188.776
-114.364828,42.547405,1189.6192
-114.364859,42.548151,1190.338377
-114.366137,42.54815,1189.66
-114.37006,42.548198,1184.160435
-114.371999,42.5482,1177.8036
-114.373167,42.548205,1178.9392
-114.377715,42.548205,1178.809588
-114.380636,42.548223,1178.717829
-114.384397,42.548233,1175.061693
-114.387017,42.54825,1172.37312
-114.388822,42.548253,1171.609279
-114.389629,42.548265,1171.008958
-114.392178,42.548272,1166.530497
-114.396845,42.548292,1164
-114.401444,42.548316,1161.07478
-114.403598,42.548316,1162.9848
-114.406099,42.548313,1163.886392
-114.406494,42.548317,1162.6216
-114.406802,42.548316,1161.056001
-114.408754,42.548308,1161.467487
-114.411454,42.54832,1156.824851
-114.413093,42.54832,1156.7692
-114.416311,42.548308,1157.6284
-114.416432,42.548305,1158.03737
-114.417018,42.548298,1159.6184
-114.417999,42.548298,1153.813404
-114.418945,42.548299,1157.300633
-114.419133,42.548299,1157.89378
-114.421263,42.5483,1158.398816
-114.422865,42.548324,1157.33705
-114.425131,42.548356,1157.6348
-114.425373,42.548359,1158.1848
-114.426432,42.54837,1157.3104
-114.427149,42.548382,1160.9116
-114.427303,42.54838,1160.8772
-114.430898,42.548422,1157.70498
-114.432111,42.548436,1155.377988
-114.432863,42.54844,1156.111789
-114.433124,42.548442,1157.656783
-114.435145,42.548442,1154.3912
-114.438288,42.548489,1151.355743
-114.439261,42.548503,1149.089428
-114.43998,42.548508,1148.5568
-114.440141,42.548554,1148.898763
-114.440399,42.548699,1148.861923
-114.440499,42.548854,1148.303628
-114.440577,42.54896,1148.1016
-114.440577,42.549067,1148.4868
-114.440576,42.549571,1147.082264
-114.440576,42.549646,1146.582008
-114.440581,42.550207,1148.72186
-114.440584,42.550606,1149.8976
-114.440576,42.552143,1144.2852
-114.440568,42.553199,1144.968669
-114.440574,42.554019,1144.598
-114.440564,42.554307,1144.0304
-114.440557,42.555633,1146.27735
-114.440564,42.555784,1146.797399
-114.440564,42.556763,1148.010543
-114.440564,42.557417,1149.307884
-114.440564,42.558279,1144.220054
-114.440564,42.558312,1144.104865
-114.440566,42.559146,1144.965197
-114.440567,42.559547,1142.9588
-114.440563,42.560549,1143.072735
-114.440562,42.560795,1142.1612
-114.440578,42.56111,1142.996323
-114.440592,42.561374,1143.9464
-114.440594,42.561528,1144.431489
-114.4406,42.56205,1144.84
-114.440586,42.563112,1142.065059
-114.440585,42.563151,1142.033157
-114.440578,42.563717,1140.969199
-114.440574,42.56403,1139.443331
-114.440576,42.564446,1136.089988
-114.440578,42.564648,1138.21999
-114.440578,42.564684,1138.598318
-114.440572,42.564911,1141.0388
-114.440572,42.56492,1141.136
-114.440561,42.565405,1144.9804
-114.440568,42.565759,1145.6876
-114.440581,42.566433,1145.9328
-114.440595,42.567538,1138.122574
-114.440603,42.569665,1140.964815
-114.440593,42.570352,1138.7328
-114.440598,42.572381,1133.8568
-114.4406,42.57391,1136.92816
-114.440602,42.57398,1137.215642
-114.440624,42.574906,1133.6768
-114.440624,42.574994,1133.0432
-114.440624,42.575498,1132.843854
-114.440624,42.575949,1131.439801
-114.440633,42.576711,1126.7212
-114.440634,42.576796,1126.7176
-114.440637,42.576942,1126.7068
-114.440643,42.577441,1128.6852
-114.440645,42.577589,1128.678
-114.440646,42.577633,1128.6744
-114.442251,42.577651,1129.512717
-114.444348,42.577667,1129.607537
-114.445618,42.577667,1131.13515
-114.446161,42.577682,1131.944252
-114.446387,42.577681,1131.698862
-114.446656,42.57768,1131.704
-114.446964,42.577681,1131.672273
-114.448594,42.577685,1130.041026
-114.449005,42.577686,1127.971707
-114.449483,42.577688,1125.1844
-114.450505,42.577691,1123.182
-114.450552,42.577692,1123.0128
-114.451554,42.577693,1123.6104
-114.452568,42.57767,1121.830835
-114.455368,42.577687,1126.3268
-114.456351,42.577678,1124.767395
-114.456564,42.57768,1124.0736
-114.457383,42.577687,1125.6732
-114.457938,42.577702,1125.5768
-114.458361,42.577698,1126.358195
-114.458393,42.577698,1126.440309
-114.458697,42.577692,1127
-114.458772,42.577691,1127
-114.459309,42.577695,1125.7856
-114.459391,42.577696,1125.4868
-114.459644,42.577697,1125.800289
-114.460356,42.577707,1127
-114.461537,42.577724,1126.376428
-114.461614,42.577738,1126.162449
-114.462834,42.577743,1124.048
-114.463167,42.577748,1123.171391
-114.46379,42.577757,1121.978458
-114.464755,42.577771,1119.236
-114.465231,42.577778,1122.661735
-114.466062,42.577789,1120
-114.466459,42.577795,1121.5048
-114.466564,42.577797,1122.2608
-114.46765,42.577812,1124.54
-114.467711,42.577813,1124.7596
-114.468908,42.577831,1125.534818
-114.469155,42.577834,1124.443301
-114.469204,42.577835,1124.302973
-114.47002,42.577849,1125.981539
-114.470097,42.577852,1125.906694
-114.471642,42.57787,1122.4904
-114.474218,42.577911,1125.44634
-114.475531,42.577927,1124.0884
-114.477352,42.577953,1121.8364
-114.478605,42.577971,1121.666903
-114.479134,42.577979,1124.125589
-114.479661,42.577986,1125.195212
-114.47977,42.577988,1125.11303
-114.479737,42.580028,1120.7984
-114.479734,42.58019,1119.632
-114.479665,42.584357,1114.858849
-114.479656,42.584911,1114.244017
-114.477641,42.584902,1113.681319
-114.477545,42.584902,1113.457646
-114.471506,42.584867,1114.536
-114.471507,42.584824,1114.842
-114.471508,42.584809,1114.9464
-114.471514,42.584583,1116.552